20,-28.06973386,1.290740652
20.6542484,-28.43832063,1.103781915
21.32989884,-28.71305796,0.899251414
22.02765145,-28.94034387,0.697736447
22.74822924,-29.14235484,0.500079928
23.49237886,-29.34438204,0.285928215
24.26087142,-29.53164536,0.075501113
25.05450324,-29.70745078,-0.131004638
25.87409667,-29.89202638,-0.351862554
26.72050098,-30.06631682,-0.568620895
27.59459323,-30.24282939,-0.789505198
28.49727915,-30.41923724,-1.014744701
29.42949411,-30.59427146,-1.24374757
30.39220408,-30.76233037,-1.467737023
31.38640662,-30.94034121,-1.703238025
32.41313193,-31.11063657,-1.933413848
33.47344392,-31.28009498,-2.165802254
34.56844127,-31.45931305,-2.409888194
35.69925863,-31.62374386,-2.642350827
36.86706777,-31.80287104,-2.890047379
38.07307877,-31.97131136,-3.128805145
39.31854131,-32.14168882,-3.371729613
40.60474595,-32.33087148,-3.628580104
41.93302545,-32.50526383,-3.874100798
43.30475618,-32.67749024,-4.121556524
44.72135955,-32.85829281,-4.379428424
46.18430344,-33.00430152,-4.612960521
47.69510377,-33.20498949,-4.88429398
49.25532603,-33.38295852,-5.134850355
50.86658694,-33.55864043,-5.39094196
52.53055609,-33.72342146,-5.646836109
54.2489577,-33.8885975,-5.894294711
56.02357238,-34.08192569,-6.164465583
57.856239,-34.27515878,-6.428612937
59.74885659,-34.45194526,-6.686328546
61.70338627,-34.63290978,-6.950309948
63.72185335,-34.80963459,-7.211364662
65.80634938,-34.97470211,-7.465269936
67.95903431,-34.91418992,-7.738417373
70.18213877,-35.13276229,-8.003155557
72.47796637,-35.33367244,-8.263294225
74.84889604,-35.53236198,-8.531677976
77.29738455,-35.72486052,-8.79694211
79.82596905,-35.92152599,-9.066460513
82.43726967,-36.11011927,-9.330287054
85.13399225,-36.3055299,-9.601214499
87.91893115,-36.49722262,-9.869070417
90.79497215,-36.69315784,-10.14009989
93.7650954,-36.88942116,-10.41007408
96.83237857,-37.08933426,-10.67990317
100,-37.08769322,-10.94784907
101.1025023,-37.09428312,-11.04124629
102.2171598,-37.14231657,-11.13418085
103.3441064,-37.22465014,-11.2254928
104.4834776,-37.31831584,-11.31919099
105.6354104,-37.3944735,-11.41156256
106.8000433,-37.49461204,-11.50239004
107.9775162,-37.57189098,-11.59570796
109.1679709,-37.66283155,-11.68794342
111.5883993,-37.82765359,-11.77957071
112.818664,-37.91751779,-11.87256714
114.0624924,-37.99890639,-11.96451965
115.320034,-38.07877836,-12.05838205
116.5914401,-38.16998605,-12.15074191
117.8768635,-38.26037779,-12.24231615
119.1764587,-38.3298249,-12.33570957
120.4903819,-38.42975267,-12.42798483
121.8187912,-38.49532904,-12.52146131
123.1618462,-38.59755945,-12.61434288
124.5197085,-38.67772717,-12.7077537
125.8925412,-38.75245575,-12.79875621
127.2805094,-38.82465076,-12.89374165
128.68378,-38.91537811,-12.9847872
130.1025217,-38.9946889,-13.07966434
131.536905,-39.08489862,-13.17031398
132.9871025,-39.1856122,-13.26329618
134.4532884,-39.25846777,-13.35809689
135.9356391,-39.32808729,-13.45028732
137.4343327,-39.44248186,-13.54169223
138.9495494,-39.49550778,-13.63547603
140.4814715,-39.60100546,-13.73005016
142.030283,-39.67172212,-13.82068654
143.5961702,-39.74887206,-13.91478728
145.1793213,-39.85239933,-14.01047157
146.7799268,-39.94632192,-14.10034978
148.3981789,-40.02748881,-14.19561665
150.0342723,-40.11203616,-14.28887316
151.6884037,-40.20306115,-14.38229261
153.3607719,-40.28267907,-14.47490928
156.7610253,-40.42273025,-14.56670388
158.4893192,-40.52912033,-14.66080114
160.2366677,-40.61468677,-14.75459532
162.0032807,-40.67835581,-14.84835002
163.7893707,-40.79517308,-14.94042727
165.5951523,-40.8549925,-15.03453479
167.4208428,-40.95183971,-15.128193
169.2666615,-41.05192281,-15.22043548
171.1328304,-41.11512602,-15.31406162
173.0195739,-41.19869998,-15.40654781
174.9271187,-41.2952296,-15.49965329
176.8556943,-41.39224435,-15.59294621
178.8055325,-41.47883706,-15.68640641
180.7768677,-41.56695725,-15.78004411
182.7699369,-41.64768906,-15.87370441
184.7849797,-41.71582491,-15.96661286
186.8222385,-41.79973127,-16.05972527
188.881958,-41.90654836,-16.15344545
190.9643861,-42.00568293,-16.24646661
193.0697729,-42.07090753,-16.3394919
195.1983717,-42.17386651,-16.43375849
197.3504383,-42.25804392,-16.52700176
199.5262315,-42.34137595,-16.61996263
201.7260129,-42.42798802,-16.71438092
203.9500469,-42.53631238,-16.80744475
206.198601,-42.59780253,-16.90078077
208.4719454,-42.70143346,-16.99443015
210.7703534,-42.80597121,-17.08754924
213.0941015,-42.87599817,-17.18067495
215.443469,-42.96157121,-17.27415215
217.8187383,-43.04598908,-17.36842655
220.220195,-43.13858806,-17.46147346
222.6481278,-43.23188064,-17.55497439
225.1028286,-43.3236897,-17.64884232
227.5845926,-43.40371074,-17.74156491
230.0937181,-43.49563991,-17.83456268
232.6305067,-43.59952759,-17.92914001
235.1952635,-43.69427123,-18.02176659
237.7882968,-43.76462513,-18.11552415
240.4099184,-43.86969783,-18.20854511
243.0604433,-43.96208378,-18.30283388
245.7401904,-44.05611707,-18.39620023
248.4494818,-44.1343291,-18.48989527
251.1886432,-44.23982244,-18.58193519
253.9580038,-44.32902194,-18.67601583
256.7578968,-44.4206972,-18.769049
259.5886586,-44.49970999,-18.86357144
262.4506297,-44.58679732,-18.95684424
265.344154,-44.69429598,-19.05044481
268.2695795,-44.77660335,-19.14388313
271.2272579,-44.87323998,-19.23720817
274.2175448,-44.95216359,-19.3298245
277.2407997,-45.0521131,-19.42338009
280.297386,-45.1480952,-19.51735025
283.3876712,-45.23339171,-19.610299
286.512027,-45.31844652,-19.70396954
289.6708288,-45.40539981,-19.79679493
292.8644565,-45.49355665,-19.89119404
296.093294,-45.58614929,-19.98400974
299.3577295,-45.67932727,-20.07777019
302.6581555,-45.77661999,-20.1708004
305.9949687,-45.86624032,-20.26456923
309.3685704,-45.96007242,-20.35743436
312.7793662,-46.05565627,-20.4514621
316.227766,-46.14365595,-20.5442738
319.7141846,-46.23726157,-20.63776896
323.2390409,-46.3238195,-20.73122038
326.8027589,-46.41806203,-20.82500569
330.405767,-46.51397548,-20.91719195
334.0484984,-46.6004871,-21.0105811
337.7313909,-46.69575549,-21.10434341
341.4548874,-46.78904945,-21.19805095
345.2194355,-46.88348338,-21.29067203
349.0254879,-46.97617436,-21.38465532
352.8735021,-47.06333692,-21.47731992
356.7639407,-47.16297546,-21.57105211
360.6972715,-47.24664672,-21.66386147
364.6739674,-47.34526108,-21.75732829
368.6945065,-47.4418319,-21.85060593
372.759372,-47.52582749,-21.94434024
376.8690528,-47.61835108,-22.03699744
381.024043,-47.718348,-22.13008875
385.224842,-47.81666271,-22.22338796
389.4719549,-47.89371387,-22.31664321
393.7658924,-47.99873718,-22.41011759
398.1071706,-48.07133175,-22.50319107
402.4963114,-48.18891143,-22.59644621
406.9338427,-48.27992566,-22.68949371
411.4202979,-48.37150322,-22.78285545
415.9562163,-48.46580412,-22.87592883
420.5421433,-48.55935256,-22.96868241
425.1786303,-48.62790831,-23.06189217
429.8662347,-48.73291156,-23.15556425
434.60552,-48.81815887,-23.24839956
439.3970561,-48.9370715,-23.34214831
444.2414189,-49.01462937,-23.43432877
449.139191,-49.09817538,-23.52726098
454.0909611,-49.20222717,-23.62067381
459.0973246,-49.30977332,-23.71335617
464.1588834,-49.37234621,-23.80682997
469.2762459,-49.48349106,-23.9001321
474.4500276,-49.55039286,-23.99234857
479.6808502,-49.66918202,-24.08611928
484.9693429,-49.76953836,-24.17861021
490.3161412,-49.8605073,-24.27201479
495.7218882,-49.93626015,-24.36492867
501.1872336,-50.02194291,-24.45775361
506.7128346,-50.1353354,-24.55097532
512.2993555,-50.21491801,-24.64395946
517.9474679,-50.29810248,-24.7371068
523.6578509,-50.39739934,-24.83025082
529.431191,-50.48774302,-24.92323588
535.2681823,-50.5948966,-25.01606164
541.1695265,-50.68550868,-25.10862836
547.1359333,-50.77466491,-25.20231956
553.1681198,-50.86440259,-25.29498286
559.2668113,-50.95968441,-25.38809303
565.432741,-51.05854622,-25.48115188
571.6666502,-51.14490198,-25.57381104
577.9692884,-51.24871633,-25.66641262
584.3414134,-51.33829444,-25.75939229
590.7837912,-51.43127378,-25.85248036
597.2971963,-51.52389191,-25.94529769
603.8824119,-51.61510185,-26.0377848
610.5402297,-51.70812373,-26.13102326
617.27145,-51.80679978,-26.22361805
624.0768822,-51.89562616,-26.31653193
630.9573445,-51.99042629,-26.40994492
637.913664,-52.08629101,-26.5021741
644.9466771,-52.18099743,-26.59518062
652.0572293,-52.26800438,-26.68829979
659.2461756,-52.36816366,-26.78087927
666.5143801,-52.45757918,-26.87387648
673.8627168,-52.54853655,-26.96635157
681.2920691,-52.64271079,-27.05965288
688.8033301,-52.74680839,-27.15194069
696.397403,-52.83032295,-27.24495064
704.0752007,-52.93534858,-27.33758873
711.8376463,-53.03085404,-27.43043222
719.685673,-53.11950427,-27.52290559
727.6202244,-53.19831167,-27.61541345
735.6422545,-53.31318879,-27.70865873
743.7527276,-53.40228588,-27.80096436
751.9526188,-53.49119098,-27.89460233
760.2429141,-53.5936892,-27.98759437
768.62461,-53.66760346,-28.08056252
777.0987144,-53.77893073,-28.17148101
785.6662459,-53.87505809,-28.26536886
794.3282347,-53.97162615,-28.35762184
803.0857221,-54.04757931,-28.4504083
811.9397611,-54.15312298,-28.5427616
820.891416,-54.24698945,-28.63542265
829.9417631,-54.34211911,-28.72798086
839.0918905,-54.43279644,-28.82082777
848.3428982,-54.5263359,-28.91327308
857.6958986,-54.6222955,-29.00620465
867.152016,-54.71758884,-29.09890432
876.7123873,-54.81222765,-29.19116205
886.3781619,-54.90441423,-29.28389861
896.1505019,-54.99841232,-29.37636356
906.0305822,-55.09178924,-29.46888093
916.0195907,-55.19462007,-29.56197708
926.1187281,-55.28276081,-29.65421643
936.3292088,-55.37649546,-29.74664285
946.6522603,-55.469684,-29.83968264
957.0891237,-55.56537759,-29.93143924
967.6410537,-55.66150569,-30.02426728
978.309319,-55.75508508,-30.11682567
989.0952022,-55.84865313,-30.20962948
1000,-55.93582627,-30.30103083
1011.025023,-56.03074554,-30.39383316
1022.171598,-56.12380104,-30.48596719
1033.441064,-56.21977211,-30.57891612
1044.834776,-56.31690777,-30.67098592
1056.354104,-56.41043583,-30.7632222
1068.000433,-56.50498357,-30.85597593
1079.775162,-56.6032054,-30.94929013
1091.679709,-56.69955042,-31.04072848
1103.715503,-56.79496956,-31.13293982
1115.883993,-56.89049746,-31.22540553
1128.18664,-56.9856347,-31.31797463
1140.624924,-57.07980507,-31.41048132
1153.20034,-57.17778201,-31.50299064
1165.914401,-57.27350009,-31.59464648
1178.768635,-57.37143332,-31.68658729
1191.764587,-57.46936627,-31.77916952
1204.903819,-57.56368603,-31.87101648
1218.187912,-57.66202044,-31.96358908
1231.618462,-57.75595611,-32.05553046
1245.197085,-57.85164324,-32.14796211
1258.925412,-57.95489575,-32.23983796
1272.805094,-58.04728811,-32.33159839
1286.8378,-58.14670772,-32.42398645
1301.025217,-58.24362364,-32.5167176
1315.36905,-58.34273549,-32.60843172
1329.871025,-58.43900317,-32.70034955
1344.532884,-58.54267965,-32.79214647
1359.356391,-58.63341971,-32.88451121
1374.343327,-58.73518393,-32.97629962
1389.495494,-58.83392328,-33.06914024
1404.814715,-58.92930937,-33.15998529
1420.30283,-59.02701214,-33.2520542
1435.961702,-59.12684377,-33.34416337
1451.793213,-59.22484408,-33.43535581
1467.799268,-59.32410593,-33.52772581
1483.981789,-59.42275593,-33.61896924
1500.342723,-59.52518797,-33.71157626
1516.884037,-59.62341822,-33.80226986
1533.607719,-59.72225818,-33.89464854
1550.51578,-59.82323115,-33.98599448
1567.610253,-59.91966835,-34.07772286
1584.893192,-60.0210092,-34.16927491
1602.366677,-60.12389428,-34.26138577
1620.032807,-60.2214705,-34.35252329
1637.893707,-60.3122849,-34.44399526
1655.951523,-60.41614648,-34.53575601
1674.208428,-60.52403162,-34.62678485
1692.666615,-60.62144295,-34.71874584
1711.328304,-60.72767322,-34.8102289
1730.195739,-60.83038894,-34.90114624
1749.271187,-60.93299747,-34.99247188
1768.556943,-61.03194423,-35.08448837
1788.055325,-61.13052012,-35.17441601
1807.768677,-61.22796979,-35.26677422
1827.699369,-61.33335527,-35.35884202
1847.849797,-61.43137513,-35.44990895
1868.222385,-61.53605469,-35.54056424
1888.81958,-61.6419253,-35.6314233
1909.643861,-61.74764073,-35.72221422
1930.697729,-61.85327742,-35.81327654
1951.983717,-61.9541373,-35.90369319
1973.504383,-62.06236411,-35.99594464
1995.262315,-62.16762059,-36.08557428
2017.260129,-62.27365026,-36.17556172
2039.500469,-62.37802404,-36.26756462
2061.98601,-62.48762821,-36.35693471
2084.719454,-62.59187996,-36.44728131
2107.703534,-62.69881393,-36.53975676
2130.941015,-62.80878428,-36.62806909
2154.43469,-62.91189573,-36.71819422
2178.187383,-63.01845041,-36.80964087
2202.20195,-63.13294654,-36.90089446
2226.481278,-63.23951407,-36.99178839
2251.028286,-63.34864964,-37.08233099
2275.845926,-63.45842958,-37.17194286
2300.937181,-63.56970361,-37.2627066
2326.305067,-63.67932138,-37.35038127
2351.952635,-63.79422709,-37.44168399
2377.882968,-63.90419157,-37.53215303
2404.099184,-64.01548216,-37.62098925
2430.604433,-64.12397378,-37.71179699
2457.401904,-64.2398538,-37.80087827
2484.494818,-64.35057577,-37.89118601
2511.886432,-64.46229343,-37.97968764
2539.580038,-64.58127413,-38.07114134
2567.578968,-64.69809581,-38.16054203
2595.886586,-64.806254,-38.2464713
2624.506297,-64.92743939,-38.33631636
2653.44154,-65.04410481,-38.42753853
2682.695795,-65.16245505,-38.51598765
2712.272579,-65.27883134,-38.60741143
2742.175448,-65.39616812,-38.69620418
2772.407997,-65.51751741,-38.78520221
2802.97386,-65.64189418,-38.87255102
2833.876712,-65.75642421,-38.96096194
2865.12027,-65.88162537,-39.05134621
2896.708288,-66.00146475,-39.13992227
2928.644565,-66.1228942,-39.22782486
2960.93294,-66.25096006,-39.31812882
2993.577295,-66.37012219,-39.40698042
3026.581555,-66.46414889,-39.49400795
3059.949687,-66.58690816,-39.58073079
3093.685704,-66.71328128,-39.68336887
3127.793662,-66.840505,-39.7775124
3162.27766,-66.97283593,-39.8621156
3197.141846,-67.10951546,-39.94788504
3232.390409,-67.24096053,-40.04094039
3268.027589,-67.37859439,-40.1245813
3304.05767,-67.50153897,-40.22032352
3340.484984,-67.64085835,-40.30385843
3377.313909,-67.76660215,-40.39045195
3414.548874,-67.89861937,-40.48328795
3452.194355,-68.04089885,-40.55854059
3490.254879,-68.18602956,-40.65597193
3528.735021,-68.32424466,-40.74178954
3567.639407,-68.45953691,-40.83543435
3606.972715,-68.60739521,-40.91504727
3646.739674,-68.75419244,-41.00691332
3686.945065,-68.88449528,-41.09319955
3727.59372,-69.03567967,-41.17650419
3768.690528,-69.19348675,-41.26539568
3810.24043,-69.35641163,-41.35155028
3852.24842,-69.50516918,-41.43637862
3894.719549,-69.65076358,-41.52548104
3937.658924,-69.81149495,-41.60654645
3981.071706,-69.96599993,-41.69382943
4024.963114,-70.12580386,-41.78230475
4069.338427,-70.29722553,-41.87259483
4114.202979,-70.46131394,-41.94632516
4159.562163,-70.61047775,-42.04295908
4205.421433,-70.7778553,-42.12565781
4251.786303,-70.95354457,-42.20590236
4298.662347,-71.12445645,-42.30132655
4346.0552,-71.3136808,-42.37913949
4393.970561,-71.48854732,-42.46138711
4442.414189,-71.67946091,-42.54701917
4491.39191,-71.84874047,-42.63399033
4540.909611,-72.02345075,-42.71931509
4590.973246,-72.21908329,-42.80527086
4641.588834,-72.3930909,-42.88943861
4692.762459,-72.58580996,-42.96318231
4744.500276,-72.78103942,-43.05415719
4796.808502,-72.96385232,-43.14204359
4849.693429,-73.15948757,-43.21565669
4903.161412,-73.36070702,-43.29266067
4957.218882,-73.53600943,-43.38365876
5011.872336,-73.68904282,-43.46744435
5067.128346,-73.86252379,-43.54445125
5122.993555,-74.03477747,-43.63165501
5179.474679,-74.18190872,-43.71598045
5236.578509,-74.34199431,-43.79186032
5294.31191,-74.44384854,-43.88058712
5352.681823,-74.59892853,-43.95778618
5411.695265,-74.6879595,-44.04411679
5471.359333,-74.7794092,-44.11774488
5531.681198,-74.85151766,-44.19584749
5592.668113,-74.92347322,-44.2793157
5654.32741,-74.92771732,-44.37455032
5716.666502,-74.95918632,-44.44502446
5779.692884,-74.99473973,-44.52327988
5843.414134,-74.98656612,-44.60962453
5907.837912,-74.97883094,-44.70921668
5972.971963,-74.98805783,-44.78769517
6038.824119,-75.0499791,-44.8673486
6105.402297,-75.07928542,-44.96122214
6172.7145,-75.12390384,-45.05422154
6240.768822,-75.17146119,-45.13794344
6309.573445,-75.27022863,-45.23208529
6379.13664,-75.39180582,-45.31384626
6449.466771,-75.5071349,-45.40354106
6520.572293,-75.64471885,-45.49202249
6592.461756,-75.77807503,-45.58152848
6665.143801,-75.93588936,-45.6696822
6738.627168,-76.12262854,-45.75676623
6812.920691,-76.27765482,-45.84250191
6888.033301,-76.43337838,-45.92918842
6963.97403,-76.60847157,-46.01303451
7040.752007,-76.75644737,-46.09591472
7118.376463,-76.89691901,-46.17679639
7196.85673,-77.01843817,-46.2593039
7276.202244,-77.15352312,-46.3376884
7356.422545,-77.22971051,-46.41613662
7437.527276,-77.29617136,-46.49196085
7519.526188,-77.32035609,-46.57227952
7602.429141,-77.3327345,-46.64915146
7686.2461,-77.31955471,-46.72334225
7770.987144,-77.24636599,-46.79689835
7856.662459,-77.18886373,-46.86966719
7943.282347,-77.09140526,-46.94338998
8030.857221,-76.92791798,-47.01702963
8119.397611,-76.76620806,-47.08930208
8208.91416,-76.56069567,-47.15967741
8299.417631,-76.34984006,-47.22919468
8390.918905,-76.12884483,-47.30123984
8483.428982,-75.88865013,-47.37003092
8576.958986,-75.60641012,-47.43976025
8671.52016,-75.31964528,-47.50514338
8767.123873,-75.03973532,-47.57492145
8863.781619,-74.72567152,-47.64359924
8961.505019,-74.43060427,-47.70722487
9060.305822,-74.11231736,-47.77263925
9160.195907,-73.79566773,-47.83843664
9261.187281,-73.46398151,-47.90019571
9363.292088,-73.13554356,-47.9640976
9466.522603,-72.81620402,-48.02500244
9570.891237,-72.47233332,-48.08717667
9676.410537,-72.13337005,-48.14856741
9783.09319,-71.80623077,-48.20645764
9890.952022,-71.45766092,-48.26708573
10000,-71.12346636,-48.32290719
10110.25023,-70.78393036,-48.37845646
10221.71598,-70.44559072,-48.4352997
10334.41064,-70.10497885,-48.48620861
10448.34776,-69.76014225,-48.54002348
10563.54104,-69.41825519,-48.59008414
10680.00433,-69.07635034,-48.64018209
10797.75162,-68.72551738,-48.6899658
10916.79709,-68.37375421,-48.73755525
11037.15503,-68.03084588,-48.78223314
11158.83993,-67.68109263,-48.82319671
11281.8664,-67.32978179,-48.86516068
11406.24924,-66.97400396,-48.90533262
11532.0034,-66.61607594,-48.94073681
11659.14401,-66.25579477,-48.97702612
11787.68635,-65.8917404,-49.01205867
11917.64587,-65.52378555,-49.03966338
12049.03819,-65.15611488,-49.06840485
12181.87912,-64.77580843,-49.0949544
12316.18462,-64.39169403,-49.11660429
12451.97085,-64.01032043,-49.13527114
12589.25412,-63.6120849,-49.15292107
12728.05094,-63.21620242,-49.16327548
12868.378,-62.81640292,-49.17209076
13010.25217,-62.39959965,-49.17749016
13153.6905,-61.97257553,-49.17607808
13298.71025,-61.54233004,-49.17356155
13445.32884,-61.10932313,-49.16157257
13593.56391,-60.65535619,-49.14817283
13743.43327,-60.1936428,-49.12859832
13894.95494,-59.71837244,-49.0998369
14048.14715,-59.2381906,-49.07066438
14203.0283,-58.7367534,-49.03113127
14359.61702,-58.22059193,-48.98642807
14517.93213,-57.6932525,-48.93622302
14677.99268,-57.14642875,-48.87386975
14839.81789,-56.58974001,-48.80591237
15003.42723,-56.00542275,-48.72633428
15168.84037,-55.41555591,-48.63940542
15336.07719,-54.81079969,-48.54493199
15505.1578,-54.18785879,-48.43823295
15676.10253,-53.56212269,-48.32422314
15848.93192,-52.9352567,-48.20650915
16023.66677,-52.32009851,-48.07407274
16200.32807,-51.72754836,-47.94744451
16378.93707,-51.18019766,-47.82024794
16559.51523,-50.69168453,-47.7049937
16742.08428,-50.30071562,-47.61226567
16926.66615,-50.0221761,-47.55656142
17113.28304,-49.88074041,-47.56201737
17301.95739,-49.87706064,-47.65143827
17492.71187,-50.0090739,-47.84798755
17685.56943,-50.25620255,-48.18999572
17880.55325,-50.60379295,-48.68761342
18077.68677,-51.01508022,-49.35006392
18276.99369,-51.47206765,-50.1678422
18478.49797,-51.95347608,-51.12448723
18682.22385,-52.44630255,-52.18836026
18888.1958,-52.93983808,-53.33328299
19096.43861,-53.42719272,-54.5373966
19306.97729,-53.89871221,-55.7670868
19519.83717,-54.35713603,-57.02070289
19735.04383,-54.8012223,-58.27192202
19952.62315,-55.22615956,-59.47226715
20172.60129,-55.63299207,-60.58871478
20395.00469,-56.02162537,-61.59372251
20619.8601,-56.40022044,-62.46834002
20847.19454,-56.76080215,-63.16622508
21077.03534,-57.10207988,-63.67959986
21309.41015,-57.43150241,-64.00423721
21544.3469,-57.74647446,-64.15546617
21781.87383,-58.04781807,-64.16871621
22022.0195,-58.33448216,-64.09252569
22264.81278,-58.61212062,-63.95596471
22510.28286,-58.8854685,-63.79014211
22758.45926,-59.13957597,-63.60401928
23009.37181,-59.3863744,-63.40387953
23263.05067,-59.62302915,-63.20882431
23519.52635,-59.8505282,-63.02371501
23778.82968,-60.07024148,-62.83785234
24040.99184,-60.27137214,-62.66938293
24306.04433,-60.47986114,-62.52384643
24574.01904,-60.68081792,-62.37943495
24844.94818,-60.86754606,-62.24743183
25118.86432,-61.04625308,-62.128027
25395.80038,-61.21827864,-62.01083641
25675.78968,-61.38485024,-61.91271149
25958.86586,-61.5482802,-61.81944791
26245.06297,-61.70671268,-61.73550823
26534.4154,-61.85552182,-61.66725091
26826.95795,-62.00505116,-61.59596769
27122.72579,-62.14486612,-61.52946244
27421.75448,-62.27140943,-61.48311963
27724.07997,-62.40780089,-61.43077022
28029.7386,-62.50562373,-61.37598547
28338.76712,-62.64548393,-61.33842814
28651.2027,-62.76185137,-61.29616785
28967.08288,-62.86610536,-61.26796958
29286.44565,-62.97163636,-61.23348111
29609.3294,-63.065945,-61.20657925
29935.77295,-63.16350892,-61.1791196
30265.81555,-63.25167998,-61.15748073
30599.49687,-63.33444755,-61.13079474
30936.85704,-63.41510806,-61.11107909
31277.93662,-63.48866833,-61.0924011
31622.7766,-63.56320479,-61.08114534
31971.41846,-63.6266815,-61.06522105
32323.90409,-63.68411289,-61.05294094
32680.27589,-63.75036881,-61.03619185
33040.5767,-63.80054591,-61.02016221
33404.84984,-63.84073915,-61.0067569
33773.13909,-63.88688719,-60.99809827
34145.48874,-63.92293876,-60.98656736
34521.94355,-63.94788977,-60.9762166
34902.54879,-63.98093738,-60.96420408
35287.35021,-64.00070126,-60.95473896
35676.39407,-64.00304087,-60.94018105
36069.72715,-64.022418,-60.93116761
36467.39674,-64.0223124,-60.91520457
36869.45065,-64.01724789,-60.90126329
37275.9372,-64.00883021,-60.88470439
37686.90528,-63.98917399,-60.87122915
38102.4043,-63.97490666,-60.85796822
38522.4842,-63.94451238,-60.8416619
38947.19549,-63.90799353,-60.82048447
39376.58924,-63.86736727,-60.79713683
39810.71706,-63.81664049,-60.77786914
40249.63114,-63.74976902,-60.75400025
40693.38427,-63.68700249,-60.72965002
41142.02979,-63.61536617,-60.70350457
41595.62163,-63.52726527,-60.67661094
42054.21433,-63.42749299,-60.64717542
42517.86303,-63.31662812,-60.61287742
42986.62347,-63.1893822,-60.58191296
43460.552,-63.06438674,-60.54081301
43939.70561,-62.92568602,-60.50404863
44424.14189,-62.76742752,-60.46071766
44913.9191,-62.59812819,-60.41223044
45409.09611,-62.40746204,-60.36262523
45909.73246,-62.2104474,-60.31783464
46415.88834,-61.99834587,-60.26423164
46927.62459,-61.7658169,-60.20228901
47445.00276,-61.51762552,-60.13932159
47968.08502,-61.26082634,-60.06851166
48496.93429,-60.98098801,-59.99865769
49031.61412,-60.69756467,-59.92955895
49572.18882,-60.41091874,-59.85026609
50118.72336,-60.12235567,-59.76058076
50671.28346,-59.85264088,-59.66540035
51229.93555,-59.61049706,-59.56090555
51794.74679,-59.44035583,-59.4586558
52365.78509,-59.35620045,-59.34949332
52943.1191,-59.37236995,-59.23202722
53526.81823,-59.5389505,-59.10868874
54116.95265,-59.86313462,-58.98535828
54713.59333,-60.34429989,-58.85543045
55316.81198,-60.96106978,-58.71371624
55926.68113,-61.67120354,-58.56633241
56543.2741,-62.43959775,-58.40877514
57166.66502,-63.22096497,-58.24094344
57796.92884,-63.972964,-58.06978462
58434.14134,-64.63570827,-57.90069763
59078.37912,-65.19116006,-57.73629603
59729.71963,-65.60574532,-57.57427633
60388.24119,-65.85333531,-57.42937318
61054.02297,-65.96052041,-57.29375205
61727.145,-65.94129083,-57.16963503
62407.68822,-65.83753791,-57.05284562
63095.73445,-65.70556856,-56.93414192
63791.3664,-65.62468197,-56.80522039
64494.66771,-65.60524521,-56.64837123
65205.72293,-65.70594404,-56.47368886
65924.61756,-65.96345301,-56.2601613
66651.43801,-66.32016108,-56.00290711
67386.27168,-66.8282328,-55.71063449
68129.20691,-67.41869003,-55.37330647
68880.33301,-68.07011186,-54.99720861
69639.7403,-68.74616141,-54.59243176
70407.52007,-69.38132468,-54.1483041
71183.76463,-69.94662738,-53.67292555
71968.5673,-70.34801403,-53.16546389
72762.02244,-70.66323684,-52.62430574
73564.22545,-70.77710344,-52.05060386
74375.27276,-70.70645352,-51.43714966
75195.26188,-70.47456414,-50.78130726
76024.29141,-70.07613922,-50.07750207
76862.461,-69.55796288,-49.33078604
77709.87144,-68.93446721,-48.55139188
78566.62459,-68.22117516,-47.76001351
79432.82347,-67.46734587,-46.99474768
80308.57221,-66.65050805,-46.30728221
81193.97611,-65.79977992,-45.77384334
82089.1416,-64.90932157,-45.46765739
82994.17631,-63.96835016,-45.43951397
83909.18905,-62.99644503,-45.70059796
84834.28982,-61.96034813,-46.19637461
85769.58986,-60.88147915,-46.84998251
86715.2016,-59.73084808,-47.5800265
87671.23873,-58.51392525,-48.32793154
88637.81619,-57.21181764,-49.05974419
89615.05019,-55.83129361,-49.74620341
90603.05822,-54.38858928,-50.37630318
91601.95907,-52.91040949,-50.94255149
92611.87281,-51.47541371,-51.4395201
93632.92088,-50.26739821,-51.86216271
94665.22603,-49.50888006,-52.20995389
95708.91237,-49.36897314,-52.48802481
96764.10537,-49.78966712,-52.70526723
97830.9319,-50.54310344,-52.90790461
98909.52022,-51.40842523,-53.21498403
100000,-52.25822901,-53.87129381
101102.5023,-53.04307666,-55.19372817
102217.1598,-53.73622718,-57.34914121
103344.1064,-54.33374874,-60.14525768
104483.4776,-54.84582406,-63.09647691
105635.4104,-55.27274141,-65.62361222
106800.0433,-55.62437565,-67.241635
107977.5162,-55.90396386,-67.89530157
109167.9709,-56.11048378,-67.98953041
110371.5503,-56.24902747,-67.83644591
111588.3993,-56.32264498,-67.65762295
112818.664,-56.34014291,-67.49540034
114062.4924,-56.28781088,-67.36367485
115320.034,-56.16064726,-67.29188651
116591.4401,-55.95905982,-67.22495756
117876.8635,-55.69079222,-67.19499981
119176.4587,-55.34472336,-67.18345746
120490.3819,-54.93121818,-67.175668
121818.7912,-54.45880972,-67.18152045
123161.8462,-53.981876,-67.18439867
124519.7085,-53.65088855,-67.20855193
125892.5412,-53.68665212,-67.21577199
127280.5094,-54.33645047,-67.22873476
128683.78,-55.63345151,-67.216404
130102.5217,-57.30594029,-67.21098131
131536.905,-58.93631327,-67.16535176
132987.1025,-60.1260514,-67.10781412
134453.2884,-60.64971993,-66.9714939
135935.6391,-60.54256527,-66.71286518
137434.3327,-60.0397431,-66.33689635
138949.5494,-59.47781496,-65.83860123
140481.4715,-59.24754331,-65.36820109
142030.283,-59.63659134,-64.99942249
143596.1702,-60.68423443,-64.71887693
145179.3213,-62.06582987,-64.4665717
146779.9268,-63.34300286,-64.21380381
148398.1789,-64.09019752,-63.91324504
150034.2723,-64.10707837,-63.56918561
151688.4037,-63.49163612,-63.16426776
153360.7719,-62.41268635,-62.6724683
155051.578,-61.06093744,-62.10171757
156761.0253,-59.51844632,-61.43669721
158489.3192,-57.80570809,-60.65871874
160236.6677,-55.9110989,-59.7808504
162003.2807,-53.82803961,-58.84278453
163789.3707,-51.62005209,-58.03762118
165595.1523,-49.654293,-57.84912485
167420.8428,-48.82869262,-58.81195282
169266.6615,-49.64707708,-60.70751459
171132.8304,-51.31277521,-62.45206324
173019.5739,-53.05269945,-63.06054121
174927.1187,-54.60629137,-62.35957926
176855.6943,-55.9422229,-60.84267042
178805.5325,-57.07732854,-58.85568217
180776.8677,-58.04178533,-56.55167686
182769.9369,-58.86265048,-53.94931147
184784.9797,-59.56206004,-51.31546641
186822.2385,-60.14793942,-49.79785783
188881.958,-60.63828843,-50.64768405
190964.3861,-61.02364754,-52.75154128
193069.7729,-61.32214798,-54.8503815
195198.3717,-61.5276171,-56.64240584
197350.4383,-61.63309329,-58.14146747
199526.2315,-61.63118025,-59.40701103
201726.0129,-61.51867305,-60.49314278
203950.0469,-61.27292708,-61.43677078
206198.601,-60.87471413,-62.26442654
208471.9454,-60.31833721,-63.0027491
210770.3534,-59.57881515,-63.66289287
213094.1015,-58.85216733,-64.27052296
215443.469,-58.75111636,-64.8125398
217818.7383,-60.30549745,-65.31665945
220220.195,-62.81247507,-65.77406846
222648.1278,-63.99524552,-66.11794238
225102.8286,-63.28682264,-66.13552308
227584.5926,-61.84481165,-65.5268033
230093.7181,-61.08932643,-64.87918337
232630.5067,-62.22153881,-64.79828802
235195.2635,-64.24426944,-64.98449771
237788.2968,-64.70851561,-65.17524205
240409.9184,-63.06719256,-65.31098858
243060.4433,-60.34810212,-65.3578003
245740.1904,-57.07552585,-65.28403429
248449.4818,-53.46211982,-64.96441193
251188.6432,-50.75281759,-64.18632269
253958.0038,-51.32623869,-63.34968969
256757.8968,-53.61740738,-63.29246753
259588.6586,-55.71311968,-63.42911789
262450.6297,-57.32936375,-63.38299671
265344.154,-58.55128125,-63.16143659
268269.5795,-59.47225284,-62.80329357
271227.2579,-60.14800726,-62.32490499
274217.5448,-60.63656601,-61.72176307
277240.7997,-60.96222037,-60.96982735
280297.386,-61.13353262,-60.07870901
283387.6712,-61.15737499,-58.97371053
286512.027,-61.05614688,-57.61179148
289670.8288,-60.79672203,-55.92206465
292864.4565,-60.38622226,-53.76845892
296093.294,-59.80387936,-51.13348159
299357.7295,-59.005651,-48.69793728
302658.1555,-57.96032444,-49.07513511
305994.9687,-56.65291794,-52.0362687
309368.5704,-55.40047943,-55.07995234
312779.3662,-55.66347797,-57.65131942
316227.766,-58.0930664,-59.79589655
319714.1846,-59.02908513,-61.57704951
323239.0409,-57.70612126,-62.73338902
326802.7589,-57.68754487,-62.60693227
330405.767,-59.67274265,-62.48846702
334048.4984,-59.37646162,-63.36546268
337731.3909,-55.89313226,-64.42647802
341454.8874,-51.51349451,-65.16590614
345219.4355,-49.74019107,-64.34354906
349025.4879,-51.74280729,-61.09240239
352873.5021,-53.98640947,-59.78284246
356763.9407,-55.55763117,-59.95443849
360697.2715,-56.50048328,-59.91580824
364673.9674,-56.90544828,-59.43509904
368694.5065,-56.79956001,-58.4810478
372759.372,-56.14486161,-57.01893189
376869.0528,-54.94683469,-54.95727193
381024.043,-53.57945961,-52.38800195
385224.842,-54.0554961,-50.71469284
389471.9549,-56.78287701,-52.5699907
393765.8924,-57.71156643,-55.93752845
398107.1706,-57.88457773,-58.29068895
402496.3114,-59.57524564,-58.49760394
406933.8427,-58.7489455,-58.97997466
411420.2979,-54.40566797,-60.43670032
415956.2163,-51.63844527,-60.01924276
420542.1433,-52.87779507,-55.97456469
425178.6303,-54.47511196,-53.47341607
429866.2347,-55.37684986,-54.15222123
434605.52,-55.59986226,-54.90165244
439397.0561,-55.20469812,-55.036959
444241.4189,-54.21774531,-54.53735783
449139.191,-53.29566801,-53.36897581
454090.9611,-54.5373413,-51.64427305
459097.3246,-55.14484288,-51.34204282
464158.8834,-55.93539999,-54.33830448
469276.2459,-54.4457302,-55.6929996
474450.0276,-52.70483754,-57.42707227
479680.8502,-55.55795958,-55.8593574
484969.3429,-58.92151717,-54.39296821
490316.1412,-61.55464824,-57.07554748
495721.8882,-63.59131667,-59.98759931
501187.2336,-65.13668194,-62.25105875
506712.8346,-66.28170846,-63.99068874
512299.3555,-67.00048782,-65.28979371
517947.4679,-67.31308949,-66.22045271
523657.8509,-67.14615895,-66.77244952
529431.191,-66.416691,-66.91772931
535268.1823,-65.09001571,-66.63038049
541169.5265,-62.98866835,-65.86415421
547135.9333,-60.25139556,-64.48058514
553168.1198,-58.84250041,-62.39217842
559266.8113,-59.04675233,-59.78759678
565432.741,-58.0892491,-58.77493131
571666.6502,-56.24478714,-59.04670273
577969.2884,-58.02522333,-57.78572282
584341.4134,-59.8631231,-56.0162299
590783.7912,-60.99223815,-57.94203614
597297.1963,-61.57248781,-59.87683813
603882.4119,-61.74264564,-61.06726006
610540.2297,-61.55482182,-61.67836705
617271.45,-61.01833087,-61.82935622
624076.8822,-60.12057858,-61.57380436
630957.3445,-58.7940126,-60.88410121
637913.664,-56.90950707,-59.70826192
644946.6771,-54.3204523,-57.91860257
652057.2293,-51.67541249,-55.58186207
659246.1756,-52.23431393,-54.72043218
666514.3801,-53.53297928,-58.24938664
673862.7168,-52.38317369,-62.26502702
681292.0691,-53.56816502,-62.17504985
688803.3301,-54.56434214,-59.97541198
696397.403,-54.1781512,-61.52615376
704075.2007,-52.64595476,-62.99777463
711837.6463,-52.49262361,-63.21913734
719685.673,-54.9697947,-63.63390016
727620.2244,-54.7750227,-65.76133175
735642.2545,-54.5117107,-64.80120816
743752.7276,-56.29664268,-61.185319
751952.6188,-57.36801974,-60.72555241
760242.9141,-57.44912673,-62.49748622
768624.61,-56.56101875,-63.13907988
777098.7144,-54.7241622,-62.69627289
785666.2459,-53.6753636,-64.23142833
794328.2347,-54.85723371,-69.09489829
803085.7221,-58.02384347,-69.20726386
811939.7611,-62.41742733,-67.28880565
820891.416,-65.94785445,-71.7188256
829941.7631,-68.68575949,-78.80146792
839091.8905,-70.6511314,-85.56938211
848342.8982,-71.55662265,-87.08496859
857695.8986,-71.18848792,-84.88216355
867152.016,-69.35455499,-83.66258867
876712.3873,-65.79294779,-83.30601662
886378.1619,-61.05225455,-82.07375458
896150.5019,-59.24467548,-74.76396145
906030.5822,-60.58095977,-68.97491585
916019.5907,-62.50571949,-67.74568921
926118.7281,-63.5986947,-67.08499606
936329.2088,-64.0175614,-67.40348286
946652.2603,-63.81739556,-67.31951806
957089.1237,-63.27623051,-66.87870113
967641.0537,-62.23574304,-66.13962485
978309.319,-60.54370116,-65.14563613
989095.2022,-58.0424657,-63.82097817
1000000,-54.55775614,-62.00423569
1006379.411,-52.79532186,-59.33180793
1012799.518,-52.32053625,-55.5572136
1019260.583,-52.43231837,-53.44092002
1025762.864,-52.4652808,-52.43619584
1032306.627,-52.51409085,-51.9061813
1038892.135,-52.29149611,-51.41777177
1045519.655,-52.40866209,-51.04396166
1052189.454,-53.24973092,-50.54635818
1058901.803,-54.00629307,-50.66032374
1065656.972,-55.09467792,-51.7446103
1072455.236,-56.48726029,-52.74468725
1079296.868,-57.5206888,-53.89101381
1086182.146,-58.03673425,-55.14167599
1093111.349,-58.02649935,-55.93324754
1100084.755,-57.50734337,-56.10672152
1107102.647,-56.53727922,-55.64624157
1114165.31,-55.49830149,-54.60059357
1121273.028,-55.55162645,-53.29744854
1128426.089,-57.18939164,-52.91585175
1135624.783,-59.58290631,-54.36165665
1142869.4,-62.43252565,-56.10751778
1150160.233,-65.12501738,-57.45172726
1157497.578,-67.2812927,-58.80048553
1164881.73,-68.92529305,-59.78524352
1172312.989,-69.92094992,-60.23153575
1179791.655,-70.05113922,-60.11520149
1187318.031,-69.2357815,-59.40835947
1194892.42,-67.4575344,-58.09429822
1202515.13,-64.94601482,-56.17246887
1210186.468,-61.75312328,-53.87123806
1217906.744,-58.90823523,-52.31318758
1225676.272,-58.01018312,-53.00900874
1233495.364,-58.41640386,-54.93948581
1241364.338,-59.17473635,-56.64433985
1249283.511,-59.75765064,-57.69778128
1257253.203,-60.0188489,-58.31394016
1265273.738,-59.9002709,-58.64201425
1273345.439,-59.4245693,-58.62663792
1281468.633,-58.60659215,-58.2246194
1289643.647,-57.40798432,-57.41348441
1297870.814,-55.73127664,-56.1507225
1306150.465,-53.55034279,-54.35475747
1314482.935,-51.05214256,-52.01753506
1322868.562,-49.35656379,-49.61497507
1331307.684,-49.5744526,-48.70505377
1339800.642,-50.32559078,-49.56125894
1348347.781,-50.7280022,-50.27295961
1356949.445,-51.10248082,-50.19455056
1365605.983,-52.74778176,-49.75140941
1374317.745,-54.98195972,-50.12701055
1383085.082,-56.8296787,-52.1240681
1391908.35,-58.24695272,-54.11950678
1400787.905,-58.90264079,-55.56016975
1409724.106,-58.75632542,-56.61177323
1418717.316,-57.90290515,-57.0105955
1427767.896,-56.54050666,-56.69605091
1436876.214,-55.58099692,-55.73280044
1446042.638,-56.75696479,-54.49563649
1455267.537,-59.48927216,-54.46464732
1464551.287,-62.56077797,-56.72320762
1473894.261,-65.35600422,-59.75429788
1483296.838,-67.67014432,-62.80898673
1492759.398,-69.33789433,-65.44942705
1502282.323,-70.48063269,-67.50654182
1511865.999,-71.05404804,-68.95452888
1521510.813,-70.70577228,-69.88666579
1531217.156,-68.81990782,-70.47056379
1540985.419,-65.16289128,-70.95583289
1550815.998,-62.35316645,-71.11098313
1560709.29,-61.86537653,-68.71907369
1570665.696,-61.55676583,-64.84137478
1580685.618,-60.78028143,-63.35851242
1590769.46,-59.74457578,-62.3999433
1600917.632,-58.5077294,-61.22640892
1611130.543,-56.94226961,-59.98210086
1621408.607,-55.06528858,-58.61251511
1631752.238,-52.65458523,-57.03417652
1642161.856,-49.82489677,-55.14603809
1652637.881,-47.66354212,-52.88799301
1663180.737,-47.50074238,-50.64167796
1673790.85,-48.20438182,-49.78777891
1684468.65,-49.49952115,-50.54715793
1695214.567,-52.70800013,-51.62375819
1706029.037,-57.79488025,-53.4831808
1716912.497,-62.85108561,-58.00038376
1727865.387,-63.76964062,-67.88415188
1738888.15,-61.47576714,-72.02149952
1749981.232,-58.87443478,-63.87656997
1761145.081,-56.26301587,-60.34148151
1772380.149,-53.83019086,-57.92560942
1783686.89,-52.86381393,-56.0519447
1795065.761,-53.62854365,-55.20835696
1806517.223,-54.55259137,-55.57465575
1818041.738,-54.87561803,-56.30209061
1829639.773,-54.70096597,-56.85105067
1841311.797,-54.20535794,-56.78314199
1853058.281,-53.49594486,-56.33801843
1864879.701,-52.6791843,-55.72723152
1876776.535,-52.38430571,-55.07152358
1888749.263,-54.46313073,-54.59811025
1900798.371,-60.15251135,-55.10753325
1912924.344,-68.27357874,-57.32979642
1925127.674,-65.88598608,-59.96945
1937408.855,-62.1327824,-60.30846851
1949768.381,-59.18885623,-58.75782143
1962206.755,-55.83102325,-57.24949399
1974724.478,-51.15049076,-55.77405213
1987322.056,-46.77490707,-53.76219467
2000000,-45.17315964,-50.32726132
1987322.056,-54.67993377,-46.39395224
2000000,-49.98642366,-44.68696009
