20,-28.38200808,5.24864137
20.6542484,-28.99860164,5.095776801
21.32989884,-29.25343749,4.926443567
22.02765145,-29.46998739,4.75838727
22.74822924,-29.66725973,4.59146135
23.49237886,-29.87093484,4.409449864
24.26087142,-30.06175719,4.2298595
25.05450324,-30.24324267,4.051617346
25.87409667,-30.43316462,3.858983408
26.72050098,-30.61576148,3.66979406
27.59459323,-30.79750767,3.474427571
28.49727915,-30.98078214,3.274480748
29.42949411,-31.16309552,3.069853134
30.39220408,-31.33703641,2.868763666
31.38640662,-31.52328527,2.65456762
32.41313193,-31.69894818,2.44761505
33.47344392,-31.87578865,2.235092275
34.56844127,-32.06330726,2.012299168
35.69925863,-32.23903268,1.790508675
36.86706777,-32.42904457,1.562854437
38.07307877,-32.6071399,1.339429185
39.31854131,-32.77984014,1.109004434
40.60474595,-32.97168796,0.882701299
41.93302545,-33.1403814,0.652765615
43.30475618,-33.31772144,0.418821255
44.72135955,-33.51799498,0.178693835
46.18430344,-33.69480506,-0.070981727
47.69510377,-33.88705809,-0.303069339
49.25532603,-34.05201673,-0.539871405
50.86658694,-34.23876389,-0.784400482
52.53055609,-34.44209539,-1.039728514
54.2489577,-34.59766649,-1.295932117
56.02357238,-34.81593294,-1.537327392
57.856239,-34.97788302,-1.787517596
59.74885659,-34.78910335,-2.041401443
61.70338627,-34.94425309,-2.294826273
63.72185335,-35.10603042,-2.555009463
65.80634938,-35.08765193,-2.814851478
67.95903431,-35.34955597,-3.066108827
70.18213877,-35.59142136,-3.327777212
72.47796637,-35.81728973,-3.586750806
74.84889604,-36.03212356,-3.845835066
77.29738455,-36.24124161,-4.107842416
79.82596905,-36.44694331,-4.372986501
82.43726967,-36.64364631,-4.634976264
85.13399225,-36.84107779,-4.901203941
87.91893115,-37.03369386,-5.162157772
90.79497215,-37.22942957,-5.430285161
93.7650954,-37.41916656,-5.695181239
96.83237857,-37.61239471,-5.962205297
100,-37.55017106,-6.227659944
101.1025023,-37.51873532,-6.320177057
102.2171598,-37.60548333,-6.411452215
103.3441064,-32.84273188,-6.501897027
104.4834776,-37.73318174,-6.594099532
105.6354104,-37.81710295,-6.685941549
106.8000433,-37.90399759,-6.775351383
107.9775162,-37.98153416,-6.867539167
109.1679709,-38.06424424,-6.959530502
110.3715503,-38.15762025,-7.049559789
111.5883993,-38.23491912,-7.141700223
112.818664,-38.32047264,-7.232557345
114.0624924,-38.41158391,-7.325152551
115.320034,-38.48072619,-7.417246843
116.5914401,-38.56570397,-7.508081334
117.8768635,-38.65364714,-7.599827671
119.1764587,-38.73298162,-7.691006378
120.4903819,-38.81300559,-7.784168802
121.8187912,-38.8903716,-7.876307619
123.1618462,-38.98665771,-7.969739266
124.5197085,-39.0561468,-8.058095964
125.8925412,-39.12704887,-8.152815874
127.2805094,-39.20112939,-8.243442631
128.68378,-39.28430696,-8.337227066
130.1025217,-39.36163203,-8.426531347
131.536905,-39.44005911,-8.520420086
132.9871025,-39.5356185,-8.614321268
134.4532884,-39.62984413,-8.706161863
135.9356391,-39.68187904,-8.794915397
137.4343327,-39.78202692,-8.889485593
138.9495494,-39.85178859,-8.983851952
140.4814715,-39.93883925,-9.072944729
142.030283,-39.99431653,-9.165416419
143.5961702,-40.09896765,-9.264215564
145.1793213,-40.18867893,-9.350247121
146.7799268,-40.25274732,-9.448470993
148.3981789,-40.32533959,-9.540045355
150.0342723,-40.4048113,-9.632331729
151.6884037,-40.48907076,-9.725211057
153.3607719,-40.58119493,-9.817439822
155.051578,-40.67352492,-9.90596503
156.7610253,-40.73822212,-10.00512889
158.4893192,-40.79359473,-10.09412999
160.2366677,-40.90900516,-10.1842701
162.0032807,-40.96142285,-10.27772878
163.7893707,-41.06250767,-10.37281092
165.5951523,-41.12050102,-10.46848565
167.4208428,-41.2355458,-10.55664107
169.2666615,-41.28384104,-10.65249744
171.1328304,-41.36550691,-10.74604457
173.0195739,-41.46936358,-10.83846789
174.9271187,-41.55941438,-10.93165939
176.8556943,-41.63413846,-11.02228123
178.8055325,-41.71538884,-11.11740274
180.7768677,-41.79032455,-11.20786621
182.7699369,-41.88450075,-11.30121684
184.7849797,-41.96294624,-11.39509015
186.8222385,-42.03602126,-11.48767366
188.881958,-42.09833589,-11.58128603
190.9643861,-42.20153224,-11.67443162
193.0697729,-42.29737986,-11.76740055
195.1983717,-42.34080353,-11.86082021
197.3504383,-42.46191084,-11.95434969
199.5262315,-42.52127771,-12.04708376
201.7260129,-42.62781451,-12.14035358
203.9500469,-42.67888017,-12.234288
206.198601,-42.79066279,-12.32701134
208.4719454,-42.87505719,-12.41992025
210.7703534,-42.94182337,-12.51343376
213.0941015,-43.02713847,-12.60752366
215.443469,-43.12662309,-12.7005163
217.8187383,-43.2148165,-12.79369451
220.220195,-43.31244209,-12.8872677
222.6481278,-43.3955104,-12.98011595
225.1028286,-43.47532851,-13.07309129
227.5845926,-43.56889969,-13.16723527
230.0937181,-43.64787878,-13.25971806
232.6305067,-43.72160948,-13.35368333
235.1952635,-43.81234521,-13.44649991
237.7882968,-43.92124338,-13.54065615
240.4099184,-43.98077688,-13.63402175
243.0604433,-44.0890778,-13.72754585
245.7401904,-44.16290751,-13.82013303
248.4494818,-44.26994242,-13.91414998
251.1886432,-44.34959152,-14.00727224
253.9580038,-44.43578649,-14.10121795
256.7578968,-44.52235872,-14.19465066
259.5886586,-44.61210309,-14.28778852
262.4506297,-44.70887728,-14.38130433
265.344154,-44.7940267,-14.47527332
268.2695795,-44.88130315,-14.56771849
271.2272579,-44.97355354,-14.66154548
274.2175448,-45.0723259,-14.75550525
277.2407997,-45.14802431,-14.84838998
280.297386,-45.24796763,-14.94241502
283.3876712,-45.33821471,-15.03557146
286.512027,-45.43187718,-15.12943359
289.6708288,-45.4974553,-15.22238907
292.8644565,-45.59015795,-15.31640571
296.093294,-45.6759117,-15.40944412
299.3577295,-45.76977142,-15.50371254
302.6581555,-45.87219131,-15.59640295
305.9949687,-45.95535743,-15.69073784
309.3685704,-46.05461582,-15.78339784
312.7793662,-46.14021153,-15.87728948
316.227766,-46.23242846,-15.97117364
319.7141846,-46.32584626,-16.06485859
323.2390409,-46.42266595,-16.15726259
326.8027589,-46.50851323,-16.2508499
330.405767,-46.60026108,-16.34523408
334.0484984,-46.69291296,-16.43833234
337.7313909,-46.79379551,-16.53174954
341.4548874,-46.87909752,-16.6253835
345.2194355,-46.97116764,-16.71890231
349.0254879,-47.05729631,-16.81232149
352.8735021,-47.15593304,-16.90563783
356.7639407,-47.2491394,-16.99949628
360.6972715,-47.34562915,-17.09291754
364.6739674,-47.43171157,-17.18670954
368.6945065,-47.52583073,-17.2795194
372.759372,-47.62183244,-17.37299516
376.8690528,-47.71947567,-17.46659297
381.024043,-47.80661218,-17.56039947
385.224842,-47.88788402,-17.65362619
389.4719549,-47.98632445,-17.74753143
393.7658924,-48.08498159,-17.84092508
398.1071706,-48.17416003,-17.93387358
402.4963114,-48.25477632,-18.02769429
406.9338427,-48.36337573,-18.12112372
411.4202979,-48.46056171,-18.2141798
415.9562163,-48.5520265,-18.30729794
420.5421433,-48.63057844,-18.40127985
425.1786303,-48.71978778,-18.49421613
429.8662347,-48.83955829,-18.58784506
434.60552,-48.89760518,-18.68147896
439.3970561,-49.01047515,-18.7734495
444.2414189,-49.12010502,-18.87014873
449.139191,-49.21024014,-18.96025531
454.0909611,-49.30417489,-19.05614478
459.0973246,-49.38391556,-19.14679465
464.1588834,-49.45271441,-19.23962013
469.2762459,-49.58324199,-19.33635869
474.4500276,-49.64360419,-19.42939933
479.6808502,-49.74143911,-19.52120432
484.9693429,-49.84695638,-19.61486532
490.3161412,-49.9352232,-19.70808125
495.7218882,-50.01437147,-19.80145109
501.1872336,-50.12299678,-19.89493749
506.7128346,-50.21652053,-19.98788406
512.2993555,-50.31531819,-20.08153137
517.9474679,-50.39104692,-20.17484989
523.6578509,-50.48441583,-20.26782312
529.431191,-50.57986104,-20.36101357
535.2681823,-50.68433447,-20.45444789
541.1695265,-50.77565603,-20.54735311
547.1359333,-50.86573096,-20.64096094
553.1681198,-50.95478104,-20.73414294
559.2668113,-51.0504874,-20.82734603
565.432741,-51.14394171,-20.92014889
571.6666502,-51.23863559,-21.01343983
577.9692884,-51.33257521,-21.10660276
584.3414134,-51.42348534,-21.19976166
590.7837912,-51.51977986,-21.29276227
597.2971963,-51.61083292,-21.38627586
603.8824119,-51.70544519,-21.47887915
610.5402297,-51.80128261,-21.57231009
617.27145,-51.89539725,-21.66563116
624.0768822,-51.98737188,-21.75820436
630.9573445,-52.07541954,-21.85110597
637.913664,-52.17379124,-21.94486145
644.9466771,-52.26947837,-22.03741417
652.0572293,-52.3614112,-22.13062851
659.2461756,-52.45664337,-22.22299431
666.5143801,-52.53798355,-22.31663207
673.8627168,-52.63775792,-22.40937411
681.2920691,-52.72944093,-22.50262079
688.8033301,-52.83054446,-22.59523116
696.397403,-52.92274486,-22.68813673
704.0752007,-53.02233223,-22.78109969
711.8376463,-53.11646145,-22.87421609
719.685673,-53.21251839,-22.9672769
727.6202244,-53.29552148,-23.05947683
735.6422545,-53.39482823,-23.15341851
743.7527276,-53.47341404,-23.24557961
751.9526188,-53.5668212,-23.3400582
760.2429141,-53.67307822,-23.43084207
768.62461,-53.77454395,-23.52501142
777.0987144,-53.86392372,-23.61733899
785.6662459,-53.95069693,-23.70965399
794.3282347,-54.04708905,-23.80250933
803.0857221,-54.15203825,-23.8952872
811.9397611,-54.23444573,-23.9883002
820.891416,-54.33010607,-24.0804758
829.9417631,-54.41569702,-24.17342252
839.0918905,-54.52534375,-24.26615996
848.3428982,-54.61511972,-24.35841153
857.6958986,-54.71510764,-24.45167421
867.152016,-54.794419,-24.54469125
876.7123873,-54.89961678,-24.6370827
886.3781619,-54.99514451,-24.72943386
896.1505019,-55.09492776,-24.82244293
906.0305822,-55.18059713,-24.91475908
916.0195907,-55.27753306,-25.00757051
926.1187281,-55.37634877,-25.10026258
936.3292088,-55.4634291,-25.19243079
946.6522603,-55.55676014,-25.28527089
957.0891237,-55.64918234,-25.37777599
967.6410537,-55.74761696,-25.47025585
978.309319,-55.84108936,-25.56268138
989.0952022,-55.93758884,-25.6552246
1000,-56.01930663,-25.74734795
1011.025023,-56.11491055,-25.83967714
1022.171598,-56.21072417,-25.93228472
1033.441064,-56.30721809,-26.02521824
1044.834776,-56.40010595,-26.11802966
1056.354104,-56.49706884,-26.21016323
1068.000433,-56.5922218,-26.30193449
1079.775162,-56.68810901,-26.39448843
1091.679709,-56.78485614,-26.48714972
1103.715503,-56.88094154,-26.57944594
1115.883993,-56.97645367,-26.67161234
1128.18664,-57.07220207,-26.76383922
1140.624924,-57.16596037,-26.8560037
1153.20034,-57.2620042,-26.94862174
1165.914401,-57.35931055,-27.04079121
1178.768635,-57.45833112,-27.13302067
1191.764587,-57.55484211,-27.22523143
1204.903819,-57.65029884,-27.31732921
1218.187912,-57.75068105,-27.40915826
1231.618462,-57.84524084,-27.50136029
1245.197085,-57.941649,-27.59358549
1258.925412,-58.04396473,-27.68580549
1272.805094,-58.13801002,-27.77810196
1286.8378,-58.23498626,-27.87020451
1301.025217,-58.33149491,-27.96240221
1315.36905,-58.42830546,-28.05391504
1329.871025,-58.52362311,-28.14612351
1344.532884,-58.62364665,-28.23837752
1359.356391,-58.7253937,-28.32963474
1374.343327,-58.81955187,-28.42205433
1389.495494,-58.91751185,-28.51340053
1404.814715,-59.0178928,-28.60578458
1420.30283,-59.11527475,-28.69775238
1435.961702,-59.21427663,-28.7887858
1451.793213,-59.31091894,-28.8814668
1467.799268,-59.41126402,-28.97296204
1483.981789,-59.51272552,-29.0645745
1500.342723,-59.61126063,-29.15626419
1516.884037,-59.7123226,-29.24826792
1533.607719,-59.80813407,-29.33916522
1550.51578,-59.90973256,-29.43148905
1567.610253,-60.01384309,-29.52283443
1584.893192,-60.10927751,-29.61475024
1602.366677,-60.20974616,-29.70614795
1620.032807,-60.31178612,-29.79766941
1637.893707,-60.41262626,-29.88971767
1655.951523,-60.51708208,-29.98146359
1674.208428,-60.61409283,-30.07194917
1692.666615,-60.71411673,-30.16350515
1711.328304,-60.81416167,-30.25489409
1730.195739,-60.91659503,-30.34621346
1749.271187,-61.02430921,-30.43749383
1768.556943,-61.12201269,-30.52896627
1788.055325,-61.2216897,-30.62015034
1807.768677,-61.32082984,-30.71158446
1827.699369,-61.42480745,-30.8021933
1847.849797,-61.52781049,-30.89340674
1868.222385,-61.63047741,-30.98439798
1888.81958,-61.73674457,-31.07502122
1909.643861,-61.84190722,-31.16624083
1930.697729,-61.941025,-31.2573554
1951.983717,-62.05540563,-31.34806547
1973.504383,-62.15555429,-31.43854338
1995.262315,-62.26380041,-31.52997031
2017.260129,-62.37260097,-31.62077381
2039.500469,-62.47871807,-31.71139122
2061.98601,-62.5788912,-31.80162985
2084.719454,-62.68709154,-31.89181661
2107.703534,-62.79809088,-31.98256503
2130.941015,-62.90628656,-32.07280943
2154.43469,-63.01415245,-32.16340896
2178.187383,-63.12085886,-32.25367654
2202.20195,-63.23077352,-32.34411769
2226.481278,-63.33752046,-32.434524
2251.028286,-63.44922691,-32.52464179
2275.845926,-63.56118391,-32.61484492
2300.937181,-63.66740421,-32.70485493
2326.305067,-63.7829336,-32.79539296
2351.952635,-63.89370403,-32.88475897
2377.882968,-64.00434395,-32.97501574
2404.099184,-64.12126574,-33.06525719
2430.604433,-64.23097072,-33.15506064
2457.401904,-64.34293926,-33.24448238
2484.494818,-64.45601167,-33.33500776
2511.886432,-64.57297663,-33.42423129
2539.580038,-64.69031531,-33.51331192
2567.578968,-64.8047455,-33.60381302
2595.886586,-64.92078613,-33.69283769
2624.506297,-65.03729079,-33.78265237
2653.44154,-65.15827236,-33.87110842
2682.695795,-65.27459643,-33.96077021
2712.272579,-65.394962,-34.04964109
2742.175448,-65.50768704,-34.13872202
2772.407997,-65.63360478,-34.22795763
2802.97386,-65.75217017,-34.31688754
2833.876712,-65.87905794,-34.40573334
2865.12027,-65.99642446,-34.49457933
2896.708288,-66.12164304,-34.58343858
2928.644565,-66.24495301,-34.67246395
2960.93294,-66.37057855,-34.76135721
2993.577295,-66.4979978,-34.84901974
3026.581555,-66.5843217,-34.9470398
3059.949687,-66.71696085,-35.03193405
3093.685704,-66.84497372,-35.12380285
3127.793662,-66.96860171,-35.20899761
3162.27766,-67.10989391,-35.29749398
3197.141846,-67.22661905,-35.38730532
3232.390409,-67.35754832,-35.47372239
3268.027589,-67.48546401,-35.56514414
3304.05767,-67.62679168,-35.65761716
3340.484984,-67.77345095,-35.73853724
3377.313909,-67.90164152,-35.82714271
3414.548874,-68.03708229,-35.91481222
3452.194355,-68.1691741,-36.00502252
3490.254879,-68.31433887,-36.08825729
3528.735021,-68.47314054,-36.17570646
3567.639407,-68.60109515,-36.26468544
3606.972715,-68.74727433,-36.35386703
3646.739674,-68.88221262,-36.43711978
3686.945065,-69.04225413,-36.52689933
3727.59372,-69.19683083,-36.61550217
3768.690528,-69.33300769,-36.70053235
3810.24043,-69.49073915,-36.78436625
3852.24842,-69.64639512,-36.87455301
3894.719549,-69.81244647,-36.95969341
3937.658924,-69.95316126,-37.0423946
3981.071706,-70.12909707,-37.12920868
4024.963114,-70.27747247,-37.21539241
4069.338427,-70.45320466,-37.30110838
4114.202979,-70.60586236,-37.38810738
4159.562163,-70.77554601,-37.47269242
4205.421433,-70.96146909,-37.55864194
4251.786303,-71.12530438,-37.64303445
4298.662347,-71.29314268,-37.73117648
4346.0552,-71.4825805,-37.8133413
4393.970561,-71.67010675,-37.89506067
4442.414189,-71.83864445,-37.98221101
4491.39191,-72.0139418,-38.0703866
4540.909611,-72.20052738,-38.15198057
4590.973246,-72.39230864,-38.23761986
4641.588834,-72.55107122,-38.31783089
4692.762459,-72.74311467,-38.40264205
4744.500276,-72.9510904,-38.49046728
4796.808502,-73.12245038,-38.5709413
4849.693429,-73.32912389,-38.64748232
4903.161412,-73.50275728,-38.73945719
4957.218882,-73.67096571,-38.82075603
5011.872336,-73.8735246,-38.9072706
5067.128346,-74.03649422,-38.9864364
5122.993555,-74.22073311,-39.06545286
5179.474679,-74.36923251,-39.14629399
5236.578509,-74.52634315,-39.23128204
5294.31191,-74.66219694,-39.30742078
5352.681823,-74.78282945,-39.39561434
5411.695265,-74.89612974,-39.48261233
5471.359333,-75.00055928,-39.56460231
5531.681198,-75.08498057,-39.64428639
5592.668113,-75.15875728,-39.73255723
5654.32741,-75.21236153,-39.81891793
5716.666502,-75.29340024,-39.90170376
5779.692884,-75.35976444,-39.986971
5843.414134,-75.39373108,-40.07443963
5907.837912,-75.46504834,-40.16005188
5972.971963,-75.5304943,-40.25449052
6038.824119,-75.61947392,-40.34129402
6105.402297,-75.68215114,-40.42922044
6172.7145,-75.79846952,-40.5189969
6240.768822,-75.88218929,-40.6133026
6309.573445,-76.02538164,-40.70391696
6379.13664,-76.14426405,-40.79249752
6449.466771,-76.30702081,-40.88702993
6520.572293,-76.44831886,-40.97056188
6592.461756,-76.63492943,-41.05466975
6665.143801,-76.77603891,-41.14641953
6738.627168,-76.91964084,-41.23179539
6812.920691,-77.07268025,-41.32094076
6888.033301,-77.18984805,-41.39905223
6963.97403,-77.32724638,-41.47890442
7040.752007,-77.4208354,-41.56522452
7118.376463,-77.47783492,-41.64662538
7196.85673,-77.52830927,-41.71913717
7276.202244,-77.54949558,-41.802565
7356.422545,-77.547818,-41.88355688
7437.527276,-77.4946964,-41.96004251
7519.526188,-77.46233669,-42.03707025
7602.429141,-77.33475851,-42.11323504
7686.2461,-77.20513874,-42.19073
7770.987144,-77.04487297,-42.26665805
7856.662459,-76.87880299,-42.33923472
7943.282347,-76.64911147,-42.41379772
8030.857221,-76.45520233,-42.48060161
8119.397611,-76.20193147,-42.55551081
8208.91416,-75.94162304,-42.63239241
8299.417631,-75.64405333,-42.70653403
8390.918905,-75.36137697,-42.77603434
8483.428982,-75.06123186,-42.84342852
8576.958986,-74.76320817,-42.90919891
8671.52016,-74.450682,-42.98564024
8767.123873,-74.12656386,-43.05721462
8863.781619,-73.81935034,-43.11989321
8961.505019,-73.4727591,-43.19737455
9060.305822,-73.14592715,-43.26248756
9160.195907,-72.81983341,-43.33186525
9261.187281,-72.48585098,-43.3856246
9363.292088,-72.15069271,-43.45570081
9466.522603,-71.81896355,-43.51869524
9570.891237,-71.48080256,-43.58276525
9676.410537,-71.14212139,-43.64603249
9783.09319,-70.81187491,-43.7087644
9890.952022,-70.4697671,-43.77015546
10000,-70.13610669,-43.8363395
10110.25023,-69.79785476,-43.88123246
10221.71598,-69.46766287,-43.94701678
10334.41064,-69.12582594,-44.00596393
10448.34776,-68.77706793,-44.0561892
10563.54104,-68.44091333,-44.11496021
10680.00433,-68.101176,-44.15905235
10797.75162,-67.75864367,-44.21306338
10916.79709,-67.42378586,-44.2621187
11037.15503,-67.06801458,-44.31084244
11158.83993,-66.72378642,-44.35543741
11281.8664,-66.36745905,-44.40757983
11406.24924,-66.02235133,-44.44969129
11532.0034,-65.66014598,-44.48677823
11659.14401,-65.30701133,-44.5381366
11787.68635,-64.93208278,-44.56770705
11917.64587,-64.56630657,-44.60224711
12049.03819,-64.19987992,-44.6313554
12181.87912,-63.80811438,-44.65644009
12316.18462,-63.42251739,-44.6850691
12451.97085,-63.03803333,-44.70649607
12589.25412,-62.64558163,-44.72777126
12728.05094,-62.23610443,-44.73589862
12868.378,-61.82204862,-44.7553383
13010.25217,-61.39351162,-44.76671471
13153.6905,-60.971712,-44.7688538
13298.71025,-60.53540745,-44.77623118
13445.32884,-60.07717863,-44.76267525
13593.56391,-59.61550805,-44.75617644
13743.43327,-59.13664996,-44.74847001
13894.95494,-58.64811839,-44.71571509
14048.14715,-58.14796012,-44.7022509
14203.0283,-57.62405188,-44.67076084
14359.61702,-57.08751786,-44.62979674
14517.93213,-56.53710147,-44.57589246
14677.99268,-55.97158637,-44.53252591
14839.81789,-55.38866025,-44.46974455
15003.42723,-54.784825,-44.40031816
15168.84037,-54.17058682,-44.31944872
15336.07719,-53.54281906,-44.23555584
15505.1578,-52.91386712,-44.13241509
15676.10253,-52.2848601,-44.05071396
15848.93192,-51.66520333,-43.95655271
16023.66677,-51.07286289,-43.85772524
16200.32807,-50.5365033,-43.80394832
16378.93707,-50.08356273,-43.7395691
16559.51523,-49.73059406,-43.73564487
16742.08428,-49.5037077,-43.78900387
16926.66615,-49.4171103,-43.93100377
17113.28304,-49.47630273,-44.19134402
17301.95739,-49.66825689,-44.58765333
17492.71187,-49.97289762,-45.17269123
17685.56943,-50.36126588,-45.89529368
17880.55325,-50.81217892,-46.7809999
18077.68677,-51.29726263,-47.79783865
18276.99369,-51.79984455,-48.91969296
18478.49797,-52.30352943,-50.10174364
18682.22385,-52.8040057,-51.30895988
18888.1958,-53.29559339,-52.49281946
19096.43861,-53.77548513,-53.60984165
19306.97729,-54.23755071,-54.61273918
19519.83717,-54.68090935,-55.46348694
19735.04383,-55.10709551,-56.13627594
19952.62315,-55.51421116,-56.61655052
20172.60129,-55.90397099,-56.90168377
20395.00469,-56.27984089,-57.05349136
20619.8601,-56.64138193,-57.09369585
20847.19454,-56.9806679,-57.04865265
21077.03534,-57.3081398,-56.93876085
21309.41015,-57.6222623,-56.79817567
21544.3469,-57.92412418,-56.63727281
21781.87383,-58.21878546,-56.47189795
22022.0195,-58.49538952,-56.30680624
22264.81278,-58.76259664,-56.15477917
22510.28286,-59.01850961,-56.0133418
22758.45926,-59.26988181,-55.88296791
23009.37181,-59.50412257,-55.76116407
23263.05067,-59.7395002,-55.65862555
23519.52635,-59.95658545,-55.55180819
23778.82968,-60.17435743,-55.4629828
24040.99184,-60.37977609,-55.38573869
24306.04433,-60.57496602,-55.30387144
24574.01904,-60.7675498,-55.23539283
24844.94818,-60.95043843,-55.17218978
25118.86432,-61.12955065,-55.1121207
25395.80038,-61.29823148,-55.06388236
25675.78968,-61.4654068,-55.01604964
25958.86586,-61.62168651,-54.97676051
26245.06297,-61.78178877,-54.93641849
26534.4154,-61.92722867,-54.90315974
26826.95795,-62.07293811,-54.87258254
27122.72579,-62.21264165,-54.84145318
27421.75448,-62.3390964,-54.81796045
27724.07997,-62.47065987,-54.79570784
28029.7386,-62.59648597,-54.77535027
28338.76712,-62.71318898,-54.7587197
28651.2027,-62.83323239,-54.74436253
28967.08288,-62.94408488,-54.7304795
29286.44565,-63.0483702,-54.71574918
29609.3294,-63.14289703,-54.70112716
29935.77295,-63.24207548,-54.68942703
30265.81555,-63.33301608,-54.67731458
30599.49687,-63.4190513,-54.66241237
30936.85704,-63.50844321,-54.65048705
31277.93662,-63.58577726,-54.63519261
31622.7766,-63.65731696,-54.62186874
31971.41846,-63.73243781,-54.61002834
32323.90409,-63.78697392,-54.59717187
32680.27589,-63.86229943,-54.58270921
33040.5767,-63.9148776,-54.56349197
33404.84984,-63.96959,-54.55275609
33773.13909,-64.02432797,-54.53462159
34145.48874,-64.0690865,-54.51518876
34521.94355,-64.09120444,-54.49797906
34902.54879,-64.13525713,-54.47661051
35287.35021,-64.15890011,-54.45634971
35676.39407,-64.18896327,-54.43229941
36069.72715,-64.19359412,-54.40585193
36467.39674,-64.20785672,-54.38204089
36869.45065,-64.21960066,-54.35361079
37275.9372,-64.2300325,-54.3218392
37686.90528,-64.23420233,-54.28994647
38102.4043,-64.21635259,-54.25592803
38522.4842,-64.20437705,-54.21795308
38947.19549,-64.1766181,-54.17656573
39376.58924,-64.15275295,-54.13383323
39810.71706,-64.11048688,-54.08709811
40249.63114,-64.07322115,-54.03705354
40693.38427,-64.01826815,-53.9872613
41142.02979,-63.9512718,-53.93060053
41595.62163,-63.8900026,-53.86981659
42054.21433,-63.81070966,-53.81246105
42517.86303,-63.73137467,-53.74334641
42986.62347,-63.62911827,-53.6726088
43460.552,-63.52141826,-53.59514353
43939.70561,-63.40794282,-53.51688848
44424.14189,-63.2793237,-53.43155018
44913.9191,-63.14400706,-53.34116899
45409.09611,-62.97680959,-53.24755358
45909.73246,-62.81878312,-53.15094306
46415.88834,-62.62695451,-53.04350771
46927.62459,-62.4336068,-52.93227662
47445.00276,-62.22237327,-52.80937815
47968.08502,-62.00179483,-52.68358985
48496.93429,-61.76157117,-52.54765952
49031.61412,-61.5148001,-52.40591449
49572.18882,-61.26681046,-52.2565991
50118.72336,-61.01023618,-52.09410882
50671.28346,-60.75152528,-51.9223047
51229.93555,-60.53305225,-51.74170076
51794.74679,-60.34499602,-51.55058573
52365.78509,-60.22420152,-51.34837629
52943.1191,-60.1948188,-51.13775766
53526.81823,-60.28986742,-50.91716424
54116.95265,-60.5334436,-50.68371988
54713.59333,-60.92955413,-50.44392844
55316.81198,-61.47515482,-50.19718692
55926.68113,-62.15339495,-49.94626281
56543.2741,-62.91301519,-49.69683493
57166.66502,-63.72657318,-49.45218207
57796.92884,-64.53964332,-49.22796046
58434.14134,-65.29341445,-49.03220115
59078.37912,-65.96984522,-48.87379793
59729.71963,-66.52981121,-48.75161718
60388.24119,-66.95607354,-48.66159788
61054.02297,-67.25790468,-48.58517569
61727.145,-67.42224988,-48.49749322
62407.68822,-67.5407619,-48.36976587
63095.73445,-67.61755355,-48.18194566
63791.3664,-67.72844132,-47.91924207
64494.66771,-67.91447758,-47.5760747
65205.72293,-68.16002081,-47.15233479
65924.61756,-68.53595813,-46.65815695
66651.43801,-68.87988229,-46.10237591
67386.27168,-69.27050351,-45.48986526
68129.20691,-69.58472992,-44.81934404
68880.33301,-69.7960693,-44.1102166
69639.7403,-69.88987453,-43.37208015
70407.52007,-69.84998637,-42.61164287
71183.76463,-69.64795524,-41.86582959
71968.5673,-69.36677655,-41.17771413
72762.02244,-68.92226731,-40.60587159
73564.22545,-68.45114535,-40.22476825
74375.27276,-67.90625552,-40.09778733
75195.26188,-67.34211693,-40.24557434
76024.29141,-66.71367737,-40.64496942
76862.461,-66.07040849,-41.23259539
77709.87144,-65.40622348,-41.93358517
78566.62459,-64.69585552,-42.68913023
79432.82347,-63.97386967,-43.45518699
80308.57221,-63.22372682,-44.20335879
81193.97611,-62.43490772,-44.91779152
82089.1416,-61.61280691,-45.59030865
82994.17631,-60.74590008,-46.21801173
83909.18905,-59.82380854,-46.7973241
84834.28982,-58.8440112,-47.33125425
85769.58986,-57.80751462,-47.81709601
86715.2016,-56.70008849,-48.2488712
87671.23873,-55.50833892,-48.63758034
88637.81619,-54.21973355,-48.97554741
89615.05019,-52.8568167,-49.26692981
90603.05822,-51.44551196,-49.52010938
91601.95907,-50.06523217,-49.74465289
92611.87281,-48.90090115,-49.98347179
93632.92088,-48.19469459,-50.32576053
94665.22603,-48.13693183,-50.93201771
95708.91237,-48.66726467,-51.98177715
96764.10537,-49.53984463,-53.47888614
97830.9319,-50.52383043,-55.06777671
98909.52022,-51.49686755,-56.30864838
100000,-52.39101091,-57.05181978
101102.5023,-53.19554116,-57.39831297
102217.1598,-53.90966902,-57.54057088
103344.1064,-54.53096732,-57.59382615
104483.4776,-55.07058177,-57.61044426
105635.4104,-55.53977701,-57.61307156
106800.0433,-55.93865651,-57.61687807
107977.5162,-56.27900304,-57.61680984
109167.9709,-56.55476123,-57.6153789
110371.5503,-56.76925424,-57.6108599
111588.3993,-56.93893416,-57.59633323
112818.664,-57.05025322,-57.57876887
114062.4924,-57.10537633,-57.54665999
115320.034,-57.11087008,-57.50743908
116591.4401,-57.06380352,-57.45261743
117876.8635,-56.95564019,-57.38623676
119176.4587,-56.78573909,-57.29770213
120490.3819,-56.55963118,-57.19474232
121818.7912,-56.27881684,-57.07226146
123161.8462,-55.96670599,-56.9206842
124519.7085,-55.66562089,-56.74921559
125892.5412,-55.48596163,-56.55068921
127280.5094,-55.61648535,-56.32672872
128683.78,-56.24886264,-56.08275817
130102.5217,-57.39391777,-55.82832244
131536.905,-58.74972957,-55.5882325
132987.1025,-59.86570924,-55.40309671
134453.2884,-60.44531109,-55.28828238
135935.6391,-60.48738023,-55.18628182
137434.3327,-60.20713582,-54.9941619
138949.5494,-59.89398646,-54.65163875
140481.4715,-59.85921448,-54.16370627
142030.283,-60.26123036,-53.5604564
143596.1702,-60.93914311,-52.85410986
145179.3213,-61.44687196,-52.0512323
146779.9268,-61.44384602,-51.13851807
148398.1789,-60.95803077,-50.1000931
150034.2723,-60.13198913,-48.9269107
151688.4037,-59.10542906,-47.62810391
153360.7719,-57.92799987,-46.27962548
155051.578,-56.615389,-45.13765552
156761.0253,-55.13982019,-44.72069283
158489.3192,-53.48456581,-45.48494841
160236.6677,-51.61959825,-47.19031132
162003.2807,-49.56492127,-49.25497426
163789.3707,-47.57804622,-51.228421
165595.1523,-46.4894982,-52.65338708
167420.8428,-47.12885776,-52.75600121
169266.6615,-48.89229992,-51.05985368
171132.8304,-50.84365541,-48.44541881
173019.5739,-52.61669066,-46.89511198
174927.1187,-54.14818766,-47.40787468
176855.6943,-55.46976076,-48.86248882
178805.5325,-56.60941163,-50.33860993
180776.8677,-57.59522478,-51.62200543
182769.9369,-58.45818784,-52.7049689
184784.9797,-59.20552979,-53.6227698
186822.2385,-59.85567904,-54.40201462
188881.958,-60.41929377,-55.07398541
190964.3861,-60.89652092,-55.65782964
193069.7729,-61.28672334,-56.15833684
195198.3717,-61.59882897,-56.59774063
197350.4383,-61.8301526,-56.96731655
199526.2315,-61.97148463,-57.27797402
201726.0129,-62.01489203,-57.54063335
203950.0469,-61.95309438,-57.74356223
206198.601,-61.76296969,-57.90152485
208471.9454,-61.43169909,-58.0017668
210770.3534,-60.97223784,-58.06130228
213094.1015,-60.49774,-58.05808879
215443.469,-60.53445846,-57.99685564
217818.7383,-62.10754256,-57.8887466
220220.195,-65.03983842,-57.75170062
222648.1278,-67.15997439,-57.62285053
225102.8286,-67.35082067,-57.4134743
227584.5926,-66.34805207,-57.04823714
230093.7181,-64.74792916,-56.53957341
232630.5067,-62.97233561,-55.88244963
235195.2635,-61.36406391,-55.04925042
237788.2968,-59.75572623,-54.00740719
240409.9184,-57.90533254,-52.83376202
243060.4433,-55.67123072,-52.17614417
245740.1904,-52.92818237,-53.87156661
248449.4818,-49.86740144,-57.45370937
251188.6432,-48.15934555,-59.06773354
253958.0038,-49.79879496,-57.95864856
256757.8968,-52.49542198,-55.93075663
259588.6586,-54.7875543,-53.64858739
262450.6297,-56.57666828,-51.0924451
265344.154,-57.96618746,-48.14573601
268269.5795,-59.04793676,-44.92600992
271227.2579,-59.88515927,-43.05879227
274217.5448,-60.52885806,-44.65204532
277240.7997,-60.99635626,-47.40111325
280297.386,-61.32215401,-49.77188218
283387.6712,-61.51370374,-51.63336068
286512.027,-61.55760202,-53.09860566
289670.8288,-61.48269674,-54.24334563
292864.4565,-61.26812889,-55.13977944
296093.294,-60.89920925,-55.82057235
299357.7295,-60.35366261,-56.31536332
302658.1555,-59.59942163,-56.64104512
305994.9687,-58.63752794,-56.78269271
309368.5704,-57.68551138,-56.75586385
312779.3662,-57.97328904,-56.57275016
316227.766,-60.89889527,-56.33608664
319714.1846,-63.46074829,-56.11744495
323239.0409,-62.40935499,-55.48889675
326802.7589,-59.18685358,-54.37531466
330405.767,-56.32444684,-52.8740441
334048.4984,-53.48334653,-51.20860885
337731.3909,-50.09594812,-51.08665232
341454.8874,-46.84705162,-54.55379325
345219.4355,-47.21079161,-56.31919836
349025.4879,-50.17760459,-53.63932716
352873.5021,-52.75841141,-49.65469572
356763.9407,-54.5889851,-45.65175656
360697.2715,-55.80506169,-44.21992787
364673.9674,-56.48405962,-46.21120355
368694.5065,-56.66138189,-48.54667668
372759.372,-56.30369954,-50.31798426
376869.0528,-55.41360669,-51.55844699
381024.043,-54.38082712,-52.36621025
385224.842,-55.23051622,-52.79886135
389471.9549,-58.86471515,-52.7791163
393765.8924,-61.54534585,-52.17426368
398107.1706,-61.79291325,-51.32705697
402496.3114,-59.6739919,-50.24779508
406933.8427,-55.66909951,-48.90561263
411420.2979,-51.40858198,-48.63709563
415956.2163,-50.65350744,-48.40761572
420542.1433,-52.99612507,-45.72026837
425178.6303,-55.05400105,-46.13361416
429866.2347,-56.36391499,-49.88822512
434605.52,-57.04580004,-53.366659
439397.0561,-57.19133475,-56.15591349
444241.4189,-56.85457075,-58.46866044
449139.191,-56.38107649,-60.42072968
454090.9611,-57.14152446,-61.84965532
459097.3246,-56.800019,-62.7137427
464158.8834,-53.74207228,-62.49271413
469276.2459,-50.37912413,-59.34489981
474450.0276,-50.04481451,-58.56319932
479680.8502,-54.06250149,-59.31790764
484969.3429,-57.96865547,-59.65743722
490316.1412,-61.03277532,-59.46595339
495721.8882,-63.45371561,-58.76208322
501187.2336,-65.38931983,-57.51340367
506712.8346,-66.91034344,-55.61845045
512299.3555,-68.05312155,-52.87151222
517947.4679,-68.79600508,-49.22516278
523657.8509,-69.10068232,-47.25212507
529431.191,-68.92695141,-50.21858856
535268.1823,-68.15315254,-53.60626439
541169.5265,-66.72127554,-56.07523536
547135.9333,-64.8037966,-57.834772
553168.1198,-64.48540218,-59.07059396
559266.8113,-62.3978075,-59.86584499
565432.741,-56.05312453,-60.08117918
571666.6502,-54.22600877,-60.24144266
577969.2884,-56.91230133,-60.40233938
584341.4134,-59.36235493,-60.25861066
590783.7912,-60.92781768,-59.82016628
597297.1963,-61.8400964,-59.078834
603882.4119,-62.27789267,-57.97189995
610540.2297,-62.33927284,-56.42301604
617271.45,-62.0844575,-54.24588547
624076.8822,-61.49432717,-51.21577645
630957.3445,-60.54500262,-47.47136793
637913.664,-59.1569571,-46.4323545
644946.6771,-57.21342436,-49.52575866
652057.2293,-55.00200337,-52.31272373
659246.1756,-54.3745657,-54.08638056
666514.3801,-51.43163066,-54.96293217
673862.7168,-49.62492262,-54.82337646
681292.0691,-51.98584727,-53.54057631
688803.3301,-53.76930273,-51.2383508
696397.403,-53.97684789,-48.32188445
704075.2007,-52.93549942,-48.18777764
711837.6463,-53.37468428,-51.34603104
719685.673,-56.08235708,-53.50327344
727620.2244,-55.43721086,-53.42502176
735642.2545,-55.18254657,-52.57610601
743752.7276,-57.19508791,-52.73185609
751952.6188,-58.50305065,-52.05571286
760242.9141,-58.84866723,-50.1766336
768624.61,-58.28719782,-48.84627865
777098.7144,-56.81888793,-52.82586575
785666.2459,-55.44186478,-57.94411959
794328.2347,-55.0931611,-59.9653509
803085.7221,-58.54079376,-62.00160198
811939.7611,-63.66718331,-64.7736398
820891.416,-68.02513021,-66.87650339
829941.7631,-71.67891881,-68.17597391
839091.8905,-74.67824654,-68.59306929
848342.8982,-76.76653071,-67.99596934
857695.8986,-77.29461679,-66.19196705
867152.016,-75.36943111,-62.98220893
876712.3873,-71.36181425,-58.48348561
886378.1619,-65.95151203,-56.30960669
896150.5019,-61.39992953,-58.59615842
906030.5822,-60.81108448,-60.58893491
916019.5907,-62.63105533,-62.07430984
926118.7281,-63.77790748,-62.76843774
936329.2088,-64.22001259,-62.89272576
946652.2603,-64.18096907,-62.54733522
957089.1237,-63.66621039,-61.75818181
967641.0537,-62.7507904,-60.46803279
978309.319,-61.27360994,-58.51311998
989095.2022,-59.04498453,-55.63047298
1000000,-55.85240472,-51.7310193
1006379.411,-53.83603087,-49.79060528
1012799.518,-52.37713138,-49.13635612
1019260.583,-51.35854243,-48.98111657
1025762.864,-51.19049499,-48.84425749
1032306.627,-51.51340993,-48.8729593
1038892.135,-51.94543373,-49.46781051
1045519.655,-53.18095296,-51.30439391
1052189.454,-54.90812656,-53.46102217
1058901.803,-55.86086573,-54.74483844
1065656.972,-56.64534101,-55.70544564
1072455.236,-57.78853077,-56.90004666
1079296.868,-58.7081871,-57.86088703
1086182.146,-59.1973332,-58.38369248
1093111.349,-59.25080825,-58.45800448
1100084.755,-58.86855834,-58.07456403
1107102.647,-58.07341286,-57.23601091
1114165.31,-56.92462339,-56.0028183
1121273.028,-55.86975339,-54.90504899
1128426.089,-55.90598406,-55.14257895
1135624.783,-58.03154124,-57.33856321
1142869.4,-61.49073388,-60.50003687
1150160.233,-64.97528273,-63.54644152
1157497.578,-68.18881846,-66.16188691
1164881.73,-71.05205357,-68.33839978
1172312.989,-73.51866991,-70.06616631
1179791.655,-75.21659599,-71.33107128
1187318.031,-75.71915969,-71.89546782
1194892.42,-74.45727398,-71.56396702
1202515.13,-71.68913408,-70.20260899
1210186.468,-67.95846004,-67.73052344
1217906.744,-63.74844478,-64.43677979
1225676.272,-59.7908108,-61.21486673
1233495.364,-57.60705381,-59.61834767
1241364.338,-57.65979155,-59.99243402
1249283.511,-58.34852013,-60.82696416
1257253.203,-58.78629532,-61.34001447
1265273.738,-58.84166781,-61.41713537
1273345.439,-58.52643622,-61.10374936
1281468.633,-57.85906357,-60.42150372
1289643.647,-56.82799283,-59.32053031
1297870.814,-55.35698555,-57.7883722
1306150.465,-53.4170932,-55.81372892
1314482.935,-51.07878679,-53.71602055
1322868.562,-49.20935698,-52.7847379
1331307.684,-49.13438726,-53.57201298
1339800.642,-49.94158343,-54.44617524
1348347.781,-50.63820106,-55.44506335
1356949.445,-51.29971279,-57.10664085
1365605.983,-53.13056629,-59.89909294
1374317.745,-55.41353166,-62.0656555
1383085.082,-57.21041298,-63.75295731
1391908.35,-58.59378249,-65.15224153
1400787.905,-59.28169674,-65.69914282
1409724.106,-59.27868643,-65.41655611
1418717.316,-58.65602196,-64.52561765
1427767.896,-57.50438047,-63.4377631
1436876.214,-56.15730447,-63.39628229
1446042.638,-55.92458489,-64.99511865
1455267.537,-58.10173621,-67.29848425
1464551.287,-61.65805497,-70.41948156
1473894.261,-65.17350105,-72.66677086
1483296.838,-68.09904096,-73.18015784
1492759.398,-70.23784335,-72.56857496
1502282.323,-71.55680499,-71.63086488
1511865.999,-72.30256179,-70.68146939
1521510.813,-73.15883456,-69.85195849
1531217.156,-75.10166009,-69.10484094
1540985.419,-75.82034159,-67.65333091
1550815.998,-66.9951542,-65.65466988
1560709.29,-61.43404528,-65.21901289
1570665.696,-59.44566553,-64.83126549
1580685.618,-58.48742065,-63.62902786
1590769.46,-57.59892074,-62.22802375
1600917.632,-56.51328431,-60.77771345
1611130.543,-55.14174957,-59.25229347
1621408.607,-53.37798259,-57.57161239
1631752.238,-51.13858586,-55.78504908
1642161.856,-48.55609699,-54.52970605
1652637.881,-46.74925212,-55.18921451
1663180.737,-46.87554832,-56.9484329
1673790.85,-48.40373789,-59.30901366
1684468.65,-52.39709328,-63.81228017
1695214.567,-58.25932769,-70.27374985
1706029.037,-63.54924949,-69.19868866
1716912.497,-64.08850237,-64.06278821
1727865.387,-62.03292571,-61.45579634
1738888.15,-60.15122303,-59.74377186
1749981.232,-58.56996073,-58.37124269
1761145.081,-57.10749919,-57.17487799
1772380.149,-55.67571444,-56.36395199
1783686.89,-54.34159249,-56.50731949
1795065.761,-53.95264933,-57.17146644
1806517.223,-54.68636327,-57.62789204
1818041.738,-55.20546559,-57.52159026
1829639.773,-55.22318643,-57.06656534
1841311.797,-54.90109587,-56.47393807
1853058.281,-54.35127923,-55.81220468
1864879.701,-53.67197169,-55.18093073
1876776.535,-53.18325922,-54.97175013
1888749.263,-54.34654162,-56.36246276
1900798.371,-59.49373637,-59.29858524
1912924.344,-66.66963607,-59.99193205
1925127.674,-64.23602018,-58.54128707
1937408.855,-60.96874599,-57.05580085
1949768.381,-58.72299785,-55.70021653
1962206.755,-56.60784255,-54.26721671
1974724.478,-53.91780812,-52.56437103
1987322.056,-50.5491844,-50.53810815
2000000,-48.09147082,-48.5685444
