20,-29.73165428,1.041489134
20.6542484,-30.04867781,0.849188104
21.32989884,-30.31986871,0.6388923
22.02765145,-30.54270783,0.432071069
22.74822924,-30.74308701,0.228974956
23.49237886,-30.94453377,0.009385583
24.26087142,-31.13086212,-0.206035802
25.05450324,-31.3048286,-0.417488807
25.87409667,-31.48550508,-0.643739501
26.72050098,-31.6560218,-0.865322829
27.59459323,-31.82494861,-1.091324336
28.49727915,-31.99363422,-1.321406305
29.42949411,-32.16110579,-1.555131316
30.39220408,-32.32017761,-1.78363803
31.38640662,-32.48827675,-2.023872772
32.41313193,-32.64750613,-2.257958165
33.47344392,-32.80445614,-2.495059545
34.56844127,-32.97402413,-2.741209448
35.69925863,-33.13331538,-2.983238928
36.86706777,-33.30306226,-3.23126989
38.07307877,-33.46558639,-3.47454005
39.31854131,-33.62285826,-3.727385788
40.60474595,-33.78987617,-3.974412097
41.93302545,-33.94215882,-4.22733351
43.30475618,-34.10231665,-4.478533409
44.72135955,-34.28283199,-4.732460214
46.18430344,-34.45689191,-4.987663973
47.69510377,-34.62536783,-5.242905347
49.25532603,-34.7792767,-5.498085416
50.86658694,-34.95602533,-5.755578047
52.53055609,-34.84465223,-6.016959392
54.2489577,-35.03188645,-6.282209986
56.02357238,-35.21575262,-6.538969084
57.856239,-35.3994754,-6.805128934
59.74885659,-35.58167608,-7.068588018
61.70338627,-35.76823161,-7.331301402
63.72185335,-35.95676067,-7.59574015
65.80634938,-36.02043741,-7.862638741
67.95903431,-36.27828844,-8.125483756
70.18213877,-36.52507983,-8.395926365
72.47796637,-36.75273312,-8.660248988
74.84889604,-36.98137187,-8.926882577
77.29738455,-37.200386,-9.193682216
79.82596905,-37.42156693,-9.466033032
82.43726967,-37.63401869,-9.732330356
85.13399225,-37.85341278,-10.00420523
87.91893115,-38.06601406,-10.27143845
90.79497215,-38.28211622,-10.54361733
93.7650954,-38.49838877,-10.81395777
96.83237857,-38.71606869,-11.08526624
100,-38.78430317,-11.3524515
101.1025023,-38.80680966,-11.4467279
102.2171598,-36.60385948,-11.53952386
103.3441064,-38.95460004,-11.63136121
104.4834776,-39.04019194,-11.72481468
105.6354104,-39.13219035,-11.8177915
106.8000433,-39.21600239,-11.90949307
107.9775162,-39.31184671,-12.00296296
109.1679709,-39.38653376,-12.09552298
110.3715503,-39.46722782,-12.18698208
111.5883993,-39.56279623,-12.27987646
112.818664,-39.65594487,-12.37242197
114.0624924,-39.72846329,-12.46583576
115.320034,-39.81360783,-12.55876137
116.5914401,-39.89402826,-12.65067538
117.8768635,-39.99477127,-12.74404135
119.1764587,-40.05988386,-12.83627323
120.4903819,-40.16422219,-12.92999978
121.8187912,-40.22910652,-13.02299265
123.1618462,-40.32792162,-13.11705823
124.5197085,-40.41195284,-13.20824321
125.8925412,-40.490684,-13.30289744
127.2805094,-40.56639901,-13.39414821
128.68378,-40.64653698,-13.48927512
130.1025217,-40.73667491,-13.5809041
131.536905,-40.82683194,-13.67274503
132.9871025,-40.92128646,-13.76792692
134.4532884,-40.99709715,-13.85996123
135.9356391,-41.06806256,-13.95315297
137.4343327,-41.17416337,-14.04702273
138.9495494,-41.23009767,-14.14156617
140.4814715,-41.34850901,-14.23243815
142.030283,-41.40524339,-14.32592077
143.5961702,-41.4834216,-14.41959234
145.1793213,-41.58849371,-14.51268907
146.7799268,-41.67982644,-14.60684213
148.3981789,-41.76396623,-14.69839473
150.0342723,-41.84447392,-14.79148738
151.6884037,-41.92983423,-14.88449766
153.3607719,-42.01551988,-14.97917376
155.051578,-42.08895558,-15.07169729
156.7610253,-42.15184919,-15.16661373
158.4893192,-42.25246365,-15.25740875
160.2366677,-42.35099269,-15.35064779
162.0032807,-42.40884433,-15.44469154
163.7893707,-42.52491728,-15.53807795
165.5951523,-42.57963087,-15.63308494
167.4208428,-42.68323635,-15.72468095
169.2666615,-42.77823366,-15.81954767
171.1328304,-42.8320191,-15.91179947
173.0195739,-42.92042161,-16.00515772
174.9271187,-43.02336626,-16.09924726
176.8556943,-43.11360031,-16.19146673
178.8055325,-43.2008093,-16.28584652
180.7768677,-43.28792232,-16.37776769
182.7699369,-43.36792611,-16.47097182
184.7849797,-43.44862655,-16.56507182
186.8222385,-43.5208288,-16.65772838
188.881958,-43.62106332,-16.75168058
190.9643861,-43.72331801,-16.84544071
193.0697729,-43.78463296,-16.93838342
195.1983717,-43.87697802,-17.03206047
197.3504383,-43.98259867,-17.12608837
199.5262315,-44.05489861,-17.21881766
201.7260129,-44.15149616,-17.31226722
203.9500469,-44.23470829,-17.40623032
206.198601,-44.32003469,-17.49891542
208.4719454,-44.42009324,-17.59220059
210.7703534,-44.51253603,-17.68606884
213.0941015,-44.58282632,-17.78032144
215.443469,-44.65913986,-17.87302037
217.8187383,-44.75990864,-17.96659495
220.220195,-44.85910749,-18.06040874
222.6481278,-44.95254752,-18.15310808
225.1028286,-45.01842746,-18.24595274
227.5845926,-45.11870966,-18.34051134
230.0937181,-45.19693274,-18.43272158
232.6305067,-45.27178798,-18.52671829
235.1952635,-45.36015714,-18.61970735
237.7882968,-45.45030469,-18.71388282
240.4099184,-45.54975804,-18.80714377
243.0604433,-45.6425987,-18.90084536
245.7401904,-45.73911908,-18.99295826
248.4494818,-45.83251282,-19.0869112
251.1886432,-45.91381865,-19.17966083
253.9580038,-46.01551483,-19.27401074
256.7578968,-46.1088263,-19.36715978
259.5886586,-46.19547469,-19.46072559
262.4506297,-46.28603641,-19.55398652
265.344154,-46.3880997,-19.64743276
268.2695795,-46.46339314,-19.73992717
271.2272579,-46.56665336,-19.83341306
274.2175448,-46.65498149,-19.92712379
277.2407997,-46.74433795,-20.01974181
280.297386,-46.84212609,-20.1137291
283.3876712,-46.93677502,-20.20644685
286.512027,-47.03100219,-20.30027498
289.6708288,-47.12010479,-20.39311766
292.8644565,-47.20888283,-20.48701558
296.093294,-47.29896113,-20.57963319
299.3577295,-47.39263648,-20.67356308
302.6581555,-47.49250316,-20.76611161
305.9949687,-47.57630219,-20.85997305
309.3685704,-47.67828118,-20.95260785
312.7793662,-47.76788713,-21.04611871
316.227766,-47.85563776,-21.13950578
319.7141846,-47.94745944,-21.23285629
323.2390409,-48.03845623,-21.32525618
326.8027589,-48.13148786,-21.41833696
330.405767,-48.22186312,-21.51227818
334.0484984,-48.31759974,-21.60486839
337.7313909,-48.41681193,-21.69789815
341.4548874,-48.5043766,-21.79124757
345.2194355,-48.60155511,-21.88452385
349.0254879,-48.69275383,-21.97753073
352.8735021,-48.78703961,-22.07049414
356.7639407,-48.87766501,-22.16361105
360.6972715,-48.97533384,-22.25696655
364.6739674,-49.06817198,-22.3500587
368.6945065,-49.15371754,-22.44297638
372.759372,-49.24411471,-22.53566125
376.8690528,-49.34037357,-22.62920887
381.024043,-49.43136094,-22.72182691
385.224842,-49.52978168,-22.81461164
389.4719549,-49.63032608,-22.90805965
393.7658924,-49.70739708,-23.00126691
398.1071706,-49.81627819,-23.09382092
402.4963114,-49.90530525,-23.1872361
406.9338427,-49.98605961,-23.28010409
411.4202979,-50.0783137,-23.37265841
415.9562163,-50.17207316,-23.46561387
420.5421433,-50.27551044,-23.55899163
425.1786303,-50.38468107,-23.65143662
429.8662347,-50.45390885,-23.74486456
434.60552,-50.57546375,-23.8371678
439.3970561,-50.64174542,-23.92969098
444.2414189,-50.73107915,-24.02406585
449.139191,-50.82448176,-24.11545014
454.0909611,-50.91296712,-24.20932728
459.0973246,-51.01556366,-24.30095069
464.1588834,-51.13773346,-24.39357783
469.2762459,-51.19555321,-24.48746261
474.4500276,-51.31983778,-24.57999475
479.6808502,-51.40328147,-24.67285648
484.9693429,-51.49139572,-24.76503055
490.3161412,-51.58827716,-24.858211
495.7218882,-51.6898208,-24.95111775
501.1872336,-51.77766551,-25.04424711
506.7128346,-51.87041821,-25.13672271
512.2993555,-51.96265835,-25.22927492
517.9474679,-52.06786262,-25.32203633
523.6578509,-52.15774878,-25.41460112
529.431191,-52.2514724,-25.50731625
535.2681823,-52.33029651,-25.60007377
541.1695265,-52.44285146,-25.69281968
547.1359333,-52.53226471,-25.78539899
553.1681198,-52.63539946,-25.87789468
559.2668113,-52.7259383,-25.97071826
565.432741,-52.80789067,-26.06338035
571.6666502,-52.91299476,-26.15566136
577.9692884,-52.99698059,-26.24832263
584.3414134,-53.09241755,-26.34105854
590.7837912,-53.1881799,-26.4331445
597.2971963,-53.28833744,-26.52592791
603.8824119,-53.38144319,-26.61869043
610.5402297,-53.47456239,-26.71126457
617.27145,-53.56767349,-26.80399401
624.0768822,-53.66124161,-26.89602534
630.9573445,-53.75356066,-26.98853493
637.913664,-53.85723394,-27.08131975
644.9466771,-53.94926272,-27.17380339
652.0572293,-54.0457836,-27.26615497
659.2461756,-54.14259036,-27.35813425
666.5143801,-54.23317158,-27.45103708
673.8627168,-54.32846251,-27.54315173
681.2920691,-54.42329561,-27.63618436
688.8033301,-54.52526256,-27.72838898
696.397403,-54.60516178,-27.82080117
704.0752007,-54.71150649,-27.91312936
711.8376463,-54.81075965,-28.00515857
719.685673,-54.90415557,-28.09753413
727.6202244,-54.9863374,-28.18961247
735.6422545,-55.1006316,-28.28284
743.7527276,-55.19628374,-28.37564858
751.9526188,-55.28725472,-28.46785118
760.2429141,-55.38914163,-28.55878799
768.62461,-55.47318039,-28.65170885
777.0987144,-55.5631515,-28.7446164
785.6662459,-55.66193703,-28.83627195
794.3282347,-55.75627563,-28.92860544
803.0857221,-55.8548193,-29.02103118
811.9397611,-55.94982365,-29.1132388
820.891416,-56.04573522,-29.20553642
829.9417631,-56.1413843,-29.29724514
839.0918905,-56.23680964,-29.38983345
848.3428982,-56.33646223,-29.48221327
857.6958986,-56.42987922,-29.57419022
867.152016,-56.52775257,-29.66645135
876.7123873,-56.62472299,-29.75845617
886.3781619,-56.72122197,-29.8506965
896.1505019,-56.81973913,-29.94251496
906.0305822,-56.91662871,-30.03517913
916.0195907,-57.01212593,-30.12748279
926.1187281,-57.11088482,-30.21974474
936.3292088,-57.20609056,-30.31127908
946.6522603,-57.30497112,-30.40347959
957.0891237,-57.40023886,-30.49565922
967.6410537,-57.50054044,-30.58766152
978.309319,-57.5980977,-30.6797839
989.0952022,-57.69758878,-30.77143072
1000,-57.78556792,-30.86187281
1011.025023,-57.88762493,-30.95343594
1022.171598,-57.98350479,-31.04598111
1033.441064,-58.08215333,-31.13838641
1044.834776,-58.17998423,-31.22980232
1056.354104,-58.27895322,-31.32215481
1068.000433,-58.37861005,-31.41431048
1079.775162,-58.4809744,-31.50661471
1091.679709,-58.5781269,-31.59876987
1103.715503,-58.67995054,-31.68997848
1115.883993,-58.77603199,-31.78222161
1128.18664,-58.87623047,-31.87441306
1140.624924,-58.97856012,-31.9663091
1153.20034,-59.0807026,-32.05781566
1165.914401,-59.17970482,-32.14944781
1178.768635,-59.28195358,-32.24171463
1191.764587,-59.37909407,-32.33322213
1204.903819,-59.48236874,-32.42499229
1218.187912,-59.58397177,-32.51671661
1231.618462,-59.68699536,-32.60862279
1245.197085,-59.78949692,-32.70068764
1258.925412,-59.88945281,-32.79274528
1272.805094,-59.99229584,-32.88347524
1286.8378,-60.09516192,-32.97452151
1301.025217,-60.1983937,-33.0672083
1315.36905,-60.29937683,-33.15889049
1329.871025,-60.40663724,-33.25035444
1344.532884,-60.5153518,-33.34200124
1359.356391,-60.60502867,-33.43323152
1374.343327,-60.71494506,-33.52423264
1389.495494,-60.82110417,-33.61606261
1404.814715,-60.92420732,-33.70699148
1420.30283,-61.0289975,-33.7987925
1435.961702,-61.13012868,-33.88951533
1451.793213,-61.23655659,-33.98182725
1467.799268,-61.34275446,-34.07255246
1483.981789,-61.45017915,-34.16374897
1500.342723,-61.56047784,-34.25503671
1516.884037,-61.6644016,-34.34636068
1533.607719,-61.77155638,-34.4374024
1550.51578,-61.87944808,-34.52869566
1567.610253,-61.98617865,-34.61993654
1584.893192,-62.09390513,-34.7107543
1602.366677,-62.20256357,-34.80218998
1620.032807,-62.30921636,-34.8926258
1637.893707,-62.42748672,-34.98374782
1655.951523,-62.53867102,-35.0733114
1674.208428,-62.63973802,-35.16522696
1692.666615,-62.75310525,-35.25686214
1711.328304,-62.86717585,-35.34696058
1730.195739,-62.97684837,-35.437296
1749.271187,-63.0910062,-35.52939057
1768.556943,-63.20285021,-35.61974967
1788.055325,-63.3142623,-35.70947569
1807.768677,-63.43052437,-35.80122929
1827.699369,-63.54500133,-35.89203529
1847.849797,-63.65698151,-35.98116066
1868.222385,-63.77085918,-36.07104391
1888.81958,-63.88360745,-36.16161483
1909.643861,-64.00073231,-36.25162305
1930.697729,-64.12074436,-36.34372427
1951.983717,-64.23909592,-36.43338755
1973.504383,-64.35352382,-36.52445346
1995.262315,-64.47145808,-36.61478244
2017.260129,-64.59173673,-36.70574306
2039.500469,-64.71621967,-36.79610332
2061.98601,-64.83604592,-36.8842981
2084.719454,-64.95371618,-36.9741901
2107.703534,-65.08169147,-37.0625365
2130.941015,-65.20521679,-37.15349235
2154.43469,-65.33052925,-37.24354686
2178.187383,-65.45843252,-37.33239679
2202.20195,-65.5808112,-37.42199003
2226.481278,-65.70346903,-37.51248355
2251.028286,-65.83520391,-37.60089073
2275.845926,-65.96319872,-37.69155482
2300.937181,-66.09007482,-37.78002728
2326.305067,-66.22272311,-37.86981367
2351.952635,-66.35133735,-37.9592672
2377.882968,-66.48498756,-38.04767107
2404.099184,-66.6200392,-38.13652979
2430.604433,-66.75660784,-38.22726145
2457.401904,-66.88597697,-38.3146239
2484.494818,-67.02658843,-38.40329665
2511.886432,-67.16573083,-38.49179818
2539.580038,-67.30325004,-38.58116661
2567.578968,-67.44525208,-38.66895339
2595.886586,-67.58529529,-38.75752672
2624.506297,-67.72805143,-38.84710963
2653.44154,-67.87558964,-38.93489525
2682.695795,-68.01885775,-39.02346485
2712.272579,-68.16804993,-39.11057771
2742.175448,-68.31869489,-39.19878035
2772.407997,-68.47443512,-39.28637651
2802.97386,-68.62021302,-39.37552097
2833.876712,-68.77620064,-39.46339463
2865.12027,-68.93459283,-39.55055721
2896.708288,-69.09120265,-39.63823637
2928.644565,-69.25123358,-39.72681489
2960.93294,-69.41510344,-39.8155243
2993.577295,-69.57510011,-39.89967216
3026.581555,-69.68667333,-39.99938934
3059.949687,-69.86437867,-40.08591504
3093.685704,-70.04022831,-40.1735171
3127.793662,-70.20949255,-40.26339575
3162.27766,-70.38514303,-40.35255049
3197.141846,-70.55584851,-40.44471608
3232.390409,-70.72822297,-40.52434962
3268.027589,-70.9249337,-40.61181077
3304.05767,-71.09765482,-40.69796091
3340.484984,-71.28878645,-40.77941118
3377.313909,-71.45614849,-40.86971937
3414.548874,-71.66477531,-40.95930361
3452.194355,-71.84094175,-41.04600078
3490.254879,-72.06293064,-41.12784806
3528.735021,-72.27096282,-41.21332132
3567.639407,-72.49212524,-41.30078586
3606.972715,-72.6871984,-41.38733937
3646.739674,-72.88571921,-41.47271136
3686.945065,-73.12277485,-41.55593613
3727.59372,-73.34150857,-41.64134212
3768.690528,-73.58100017,-41.72820168
3810.24043,-73.80593296,-41.81615388
3852.24842,-74.02167511,-41.89924267
3894.719549,-74.24904663,-41.98299229
3937.658924,-74.52444694,-42.06767265
3981.071706,-74.74077802,-42.15572959
4024.963114,-75.00407636,-42.23842506
4069.338427,-75.26568414,-42.32260226
4114.202979,-75.51949939,-42.40443921
4159.562163,-75.79902354,-42.48706757
4205.421433,-76.06327719,-42.57786508
4251.786303,-76.32858303,-42.65590039
4298.662347,-76.61836763,-42.73875012
4346.0552,-76.91156394,-42.82501123
4393.970561,-77.20128197,-42.9087845
4442.414189,-77.48373393,-42.9953578
4491.39191,-77.77172692,-43.06547889
4540.909611,-78.07857344,-43.15309496
4590.973246,-78.35378802,-43.23468089
4641.588834,-78.64878396,-43.31628831
4692.762459,-78.91311623,-43.39493218
4744.500276,-79.17931691,-43.48378436
4796.808502,-79.45786007,-43.56475573
4849.693429,-79.67492489,-43.63975654
4903.161412,-79.89604329,-43.73277274
4957.218882,-80.11175835,-43.80971598
5011.872336,-80.26509268,-43.88913646
5067.128346,-80.40799379,-43.96969458
5122.993555,-80.5017079,-44.04876361
5179.474679,-80.57511572,-44.12268011
5236.578509,-80.55452609,-44.21884556
5294.31191,-80.53516948,-44.29180525
5352.681823,-80.43635106,-44.36964031
5411.695265,-80.32326671,-44.44064452
5471.359333,-80.19344599,-44.5229219
5531.681198,-79.97872124,-44.59214194
5592.668113,-79.73977653,-44.67719164
5654.32741,-79.49337274,-44.75215634
5716.666502,-79.18966924,-44.82542878
5779.692884,-78.86652022,-44.90469883
5843.414134,-78.5768178,-44.98472725
5907.837912,-78.22857654,-45.061368
5972.971963,-77.88539575,-45.13357747
6038.824119,-77.50669124,-45.21414416
6105.402297,-77.16570347,-45.28461174
6172.7145,-76.79696373,-45.35975027
6240.768822,-76.44511648,-45.43330795
6309.573445,-76.0815732,-45.50497768
6379.13664,-75.72705345,-45.57847758
6449.466771,-75.37549271,-45.65050012
6520.572293,-75.00358997,-45.72164658
6592.461756,-74.67058672,-45.79284408
6665.143801,-74.33868563,-45.86422624
6738.627168,-73.97600884,-45.93603712
6812.920691,-73.64951409,-46.00526557
6888.033301,-73.32588525,-46.07470697
6963.97403,-72.98795344,-46.14310898
7040.752007,-72.65038462,-46.21140713
7118.376463,-72.32973614,-46.27771463
7196.85673,-72.01147449,-46.34560613
7276.202244,-71.70546686,-46.41192743
7356.422545,-71.38979694,-46.47850749
7437.527276,-71.07686821,-46.54294285
7519.526188,-70.76135039,-46.60934837
7602.429141,-70.4584623,-46.67088831
7686.2461,-70.16303059,-46.73283463
7770.987144,-69.85954156,-46.79490936
7856.662459,-69.57203705,-46.85667772
7943.282347,-69.27161125,-46.91489119
8030.857221,-68.97362525,-46.97530624
8119.397611,-68.68059427,-47.03434722
8208.91416,-68.380241,-47.09071708
8299.417631,-68.09247809,-47.14596144
8390.918905,-67.79773098,-47.2011076
8483.428982,-67.51549647,-47.25363741
8576.958986,-67.219184,-47.30684391
8671.52016,-66.92841631,-47.35862265
8767.123873,-66.63735339,-47.40837691
8863.781619,-66.34596868,-47.45621527
8961.505019,-66.05118516,-47.50385411
9060.305822,-65.75852722,-47.54725591
9160.195907,-65.46186246,-47.59270658
9261.187281,-65.16465353,-47.63702663
9363.292088,-64.86060789,-47.67725183
9466.522603,-64.5673147,-47.71443295
9570.891237,-64.26545036,-47.75149779
9676.410537,-63.95713091,-47.78637347
9783.09319,-63.64771516,-47.81874351
9890.952022,-63.33989263,-47.84890858
10000,-63.02830441,-47.87597824
10110.25023,-62.70385264,-47.90153439
10221.71598,-62.38025822,-47.92521273
10334.41064,-62.05949244,-47.94544551
10448.34776,-61.7286275,-47.96306818
10563.54104,-61.38328519,-47.97742218
10680.00433,-61.04367523,-47.98688461
10797.75162,-60.69544176,-47.99743493
10916.79709,-60.33756878,-47.998259
11037.15503,-59.97446291,-47.99903139
11158.83993,-59.59893432,-47.9933431
11281.8664,-59.22563887,-47.98582976
11406.24924,-58.83026816,-47.97038724
11532.0034,-58.43303952,-47.94917431
11659.14401,-58.02670747,-47.92530621
11787.68635,-57.59906424,-47.89563835
11917.64587,-57.16644677,-47.85958132
12049.03819,-56.71650643,-47.81335741
12181.87912,-56.25661911,-47.76495488
12316.18462,-55.78083251,-47.70545783
12451.97085,-55.29073187,-47.63882636
12589.25412,-54.77985935,-47.56074803
12728.05094,-54.24837607,-47.47627005
12868.378,-53.70454195,-47.37946799
13010.25217,-53.13523618,-47.27130567
13153.6905,-52.53849188,-47.1521162
13298.71025,-51.93003042,-47.02234038
13445.32884,-51.29693099,-46.8751332
13593.56391,-50.64666812,-46.7166223
13743.43327,-49.97836558,-46.54316196
13894.95494,-49.31038666,-46.35344986
14048.14715,-48.64834349,-46.15187463
14203.0283,-48.0124222,-45.93772559
14359.61702,-47.42623387,-45.7132145
14517.93213,-46.92192503,-45.48363955
14677.99268,-46.53519081,-45.25467127
14839.81789,-46.30263457,-45.04140628
15003.42723,-46.24119178,-44.85259144
15168.84037,-46.35475331,-44.72386062
15336.07719,-46.62519942,-44.67209694
15505.1578,-47.02054506,-44.73656722
15676.10253,-47.50418369,-44.95040401
15848.93192,-48.04753318,-45.3347086
16023.66677,-48.61886058,-45.90094257
16200.32807,-49.2037052,-46.63686622
16378.93707,-49.78068477,-47.51566864
16559.51523,-50.34039204,-48.51503703
16742.08428,-50.88884302,-49.59313476
16926.66615,-51.41683207,-50.73267819
17113.28304,-51.92560371,-51.90882366
17301.95739,-52.40648371,-53.10179129
17492.71187,-52.86452941,-54.31961632
17685.56943,-53.3066891,-55.53651859
17880.55325,-53.73136433,-56.76928507
18077.68677,-54.13682952,-57.99295237
18276.99369,-54.52504885,-59.20854085
18478.49797,-54.89389241,-60.40783083
18682.22385,-55.24543946,-61.58879284
18888.1958,-55.5828555,-62.72551961
19096.43861,-55.91453049,-63.79966138
19306.97729,-56.22845919,-64.77140541
19519.83717,-56.52689829,-65.60378465
19735.04383,-56.81654371,-66.28521368
19952.62315,-57.09472006,-66.7498918
20172.60129,-57.36450131,-67.04581925
20395.00469,-57.62745247,-67.16476643
20619.8601,-57.87788695,-67.14459998
20847.19454,-58.11720175,-67.02495709
21077.03534,-58.35379119,-66.81629683
21309.41015,-58.57861411,-66.59169052
21544.3469,-58.7973712,-66.32280517
21781.87383,-59.01398092,-66.07044099
22022.0195,-59.21306502,-65.79276969
22264.81278,-59.42398509,-65.53578182
22510.28286,-59.60920559,-65.29461906
22758.45926,-59.79489637,-65.07066648
23009.37181,-59.97595513,-64.88253483
23263.05067,-60.15483763,-64.68454708
23519.52635,-60.32727974,-64.50240941
23778.82968,-60.49544602,-64.32795409
24040.99184,-60.66135519,-64.17757669
24306.04433,-60.81264271,-64.02874503
24574.01904,-60.96433118,-63.88939193
24844.94818,-61.1106583,-63.77480469
25118.86432,-61.25464503,-63.65432091
25395.80038,-61.4003963,-63.54880556
25675.78968,-61.53001826,-63.45434835
25958.86586,-61.66603195,-63.36330745
26245.06297,-61.79328755,-63.27405613
26534.4154,-61.91977805,-63.19589596
26826.95795,-62.03849601,-63.12389837
27122.72579,-62.15217524,-63.05787697
27421.75448,-62.26782953,-63.0018524
27724.07997,-62.37692059,-62.93648748
28029.7386,-62.48489119,-62.88895892
28338.76712,-62.58814547,-62.83105355
28651.2027,-62.68168621,-62.78853508
28967.08288,-62.78443233,-62.73779651
29286.44565,-62.8716215,-62.69664198
29609.3294,-62.95544578,-62.65257792
29935.77295,-63.04001534,-62.60860733
30265.81555,-63.13547083,-62.57299953
30599.49687,-63.203878,-62.53708914
30936.85704,-63.2752846,-62.50534215
31277.93662,-63.34470718,-62.46896083
31622.7766,-63.4140345,-62.43906368
31971.41846,-63.48024883,-62.41406572
32323.90409,-63.53597694,-62.37459307
32680.27589,-63.60534303,-62.344325
33040.5767,-63.65127134,-62.31171617
33404.84984,-63.70665503,-62.28022669
33773.13909,-63.74991895,-62.25783744
34145.48874,-63.79092191,-62.21495239
34521.94355,-63.83154945,-62.18371801
34902.54879,-63.86223858,-62.1588406
35287.35021,-63.8874514,-62.12139271
35676.39407,-63.9135788,-62.08664509
36069.72715,-63.93838354,-62.04624478
36467.39674,-63.95138917,-62.01284973
36869.45065,-63.96487112,-61.98211225
37275.9372,-63.96061339,-61.9395581
37686.90528,-63.96499344,-61.89353682
38102.4043,-63.96474136,-61.8513144
38522.4842,-63.96184697,-61.80659132
38947.19549,-63.92954188,-61.76128873
39376.58924,-63.91129026,-61.70628761
39810.71706,-63.88561793,-61.65563726
40249.63114,-63.84298552,-61.6003609
40693.38427,-63.79696243,-61.55131403
41142.02979,-63.75089782,-61.48996774
41595.62163,-63.68326701,-61.43045812
42054.21433,-63.62594723,-61.36284205
42517.86303,-63.54401428,-61.29793065
42986.62347,-63.45803108,-61.22393623
43460.552,-63.36048584,-61.1393763
43939.70561,-63.25657601,-61.06626397
44424.14189,-63.13507266,-60.97744437
44913.9191,-63.017927,-60.88669977
45409.09611,-62.88751435,-60.79354653
45909.73246,-62.74287997,-60.6931404
46415.88834,-62.60868115,-60.58930873
46927.62459,-62.46633622,-60.47921833
47445.00276,-62.34801816,-60.3668389
47968.08502,-62.2518687,-60.23412052
48496.93429,-62.18855446,-60.11085811
49031.61412,-62.19088772,-59.97287141
49572.18882,-62.29063369,-59.82828532
50118.72336,-62.50094785,-59.68049748
50671.28346,-62.84593837,-59.51215846
51229.93555,-63.35080288,-59.345893
51794.74679,-63.98016615,-59.16756842
52365.78509,-64.7247423,-58.97315877
52943.1191,-65.51768419,-58.77862404
53526.81823,-66.31372126,-58.56310711
54116.95265,-67.02341008,-58.3405815
54713.59333,-67.65404676,-58.1055417
55316.81198,-68.12897505,-57.84812426
55926.68113,-68.45881071,-57.5872162
56543.2741,-68.64208245,-57.30094004
57166.66502,-68.67771515,-56.99800575
57796.92884,-68.63637895,-56.68206345
58434.14134,-68.51038516,-56.33801737
59078.37912,-68.33437739,-55.97043907
59729.71963,-68.11136883,-55.58105575
60388.24119,-67.87589236,-55.16410895
61054.02297,-67.60803676,-54.72042791
61727.145,-67.32839479,-54.24157937
62407.68822,-67.03462996,-53.73139306
63095.73445,-66.74840689,-53.18156999
63791.3664,-66.44076545,-52.60056914
64494.66771,-66.13842668,-51.97624242
65205.72293,-65.83267467,-51.30824603
65924.61756,-65.5188724,-50.59791983
66651.43801,-65.19418465,-49.85726264
67386.27168,-64.85031465,-49.10050058
68129.20691,-64.50431539,-48.3558189
68880.33301,-64.15324266,-47.66819389
69639.7403,-63.78643822,-47.1084353
70407.52007,-63.41302279,-46.75784387
71183.76463,-63.01820463,-46.68468599
71968.5673,-62.60690654,-46.91054637
72762.02244,-62.18835825,-47.39735548
73564.22545,-61.73813538,-48.06538404
74375.27276,-61.27079503,-48.83789563
75195.26188,-60.7789301,-49.64624061
76024.29141,-60.26480557,-50.45027582
76862.461,-59.7125375,-51.22280423
77709.87144,-59.13155556,-51.95748526
78566.62459,-58.51541091,-52.64370847
79432.82347,-57.85993494,-53.27775578
80308.57221,-57.16160538,-53.86311805
81193.97611,-56.40821967,-54.38897819
82089.1416,-55.5904248,-54.8603281
82994.17631,-54.7045656,-55.28034508
83909.18905,-53.75218268,-55.64719062
84834.28982,-52.71392955,-55.95567709
85769.58986,-51.58298243,-56.21175625
86715.2016,-50.34845576,-56.39815264
87671.23873,-49.02727628,-56.52872821
88637.81619,-47.67842075,-56.58321027
89615.05019,-46.41133089,-56.56187507
90603.05822,-45.46421119,-56.45561133
91601.95907,-45.12414062,-56.25936426
92611.87281,-45.4891028,-55.96998456
93632.92088,-46.36381698,-55.59609886
94665.22603,-47.46889592,-55.18272001
95708.91237,-48.60788433,-54.84772628
96764.10537,-49.68470733,-54.82015011
97830.9319,-50.66885222,-55.4259966
98909.52022,-51.54794405,-56.79660711
100000,-52.33270586,-58.75317018
101102.5023,-53.03212462,-61.04393731
102217.1598,-53.65438482,-63.4302478
103344.1064,-54.20438099,-65.8228957
104483.4776,-54.69070969,-68.19308076
105635.4104,-55.1181489,-70.54739646
106800.0433,-55.49007204,-72.93684774
107977.5162,-55.81496454,-75.43140955
109167.9709,-56.09149632,-78.03841043
110371.5503,-56.3189727,-80.87916131
111588.3993,-56.50442406,-84.28894003
112818.664,-56.64477272,-88.51419227
114062.4924,-56.73339393,-94.5987758
115320.034,-56.78433961,-101.8154734
116591.4401,-56.78337962,-95.74532884
117876.8635,-56.74168513,-91.26544045
119176.4587,-56.66243948,-88.48388447
120490.3819,-56.56743057,-86.51987142
121818.7912,-56.51392579,-85.23696344
123161.8462,-56.60751316,-84.14042127
124519.7085,-57.01386119,-83.28822545
125892.5412,-57.82211567,-82.5708878
127280.5094,-58.84998765,-81.9344922
128683.78,-59.69512443,-81.34429586
130102.5217,-60.12660935,-80.7562656
131536.905,-60.18572375,-80.25853333
132987.1025,-60.00704182,-79.77736779
134453.2884,-59.70975922,-79.26870931
135935.6391,-59.3300548,-78.6739742
137434.3327,-58.90988553,-78.12497875
138949.5494,-58.44404001,-77.56286816
140481.4715,-57.95159235,-76.81742316
142030.283,-57.42068591,-76.00735709
143596.1702,-56.84170286,-75.0239115
145179.3213,-56.20433382,-73.84304826
146779.9268,-55.49023455,-72.46251495
148398.1789,-54.6884836,-71.0326309
150034.2723,-53.78003586,-69.77806918
151688.4037,-52.74254902,-69.13321287
153360.7719,-51.53695953,-69.52856177
155051.578,-50.13154185,-70.71472222
156761.0253,-48.47756389,-71.96715781
158489.3192,-46.58115514,-72.81346811
160236.6677,-44.61568029,-73.1391827
162003.2807,-43.30045822,-72.99013562
163789.3707,-43.73809028,-72.50178954
165595.1523,-45.61734162,-71.79733905
167420.8428,-47.81439741,-70.87205565
169266.6615,-49.83617248,-69.7499433
171132.8304,-51.59746443,-68.43269947
173019.5739,-53.12116811,-66.92248582
174927.1187,-54.45863047,-65.1429241
176855.6943,-55.63795172,-63.05670875
178805.5325,-56.69336889,-60.67828591
180776.8677,-57.63038287,-58.32217034
182769.9369,-58.48731888,-57.22814715
184784.9797,-59.26534143,-58.36644381
186822.2385,-59.97846917,-60.52635947
188881.958,-60.63394982,-62.63533655
190964.3861,-61.23283736,-64.43294198
193069.7729,-61.78791854,-65.96602199
195198.3717,-62.30166447,-67.26944173
197350.4383,-62.78018536,-68.41369093
199526.2315,-63.24112727,-69.43116431
201726.0129,-63.68470992,-70.35165147
203950.0469,-64.10827815,-71.23145694
206198.601,-64.52260644,-72.04957827
208471.9454,-64.8120498,-72.87053841
210770.3534,-64.58066025,-73.68519171
213094.1015,-63.09814592,-74.5038746
215443.469,-60.95429844,-75.38782227
217818.7383,-59.83152864,-76.37019655
220220.195,-59.56111514,-77.28973582
222648.1278,-59.44206009,-77.81581237
225102.8286,-59.2031631,-77.15266513
227584.5926,-58.7985245,-74.68445948
230093.7181,-58.19187044,-71.0387308
232630.5067,-57.37042271,-66.92128347
235195.2635,-56.29803556,-62.86050003
237788.2968,-54.89768644,-59.53461301
240409.9184,-53.10017592,-58.81722697
243060.4433,-50.79069629,-59.99290054
245740.1904,-47.97910756,-61.28526106
248449.4818,-45.75549113,-62.2614185
251188.6432,-46.71520061,-62.91240253
253958.0038,-49.60528114,-63.3416673
256757.8968,-52.28109957,-63.57169426
259588.6586,-54.43089641,-63.63139362
262450.6297,-56.13854863,-63.54641619
265344.154,-57.50146206,-63.32751167
268269.5795,-58.60946682,-62.98202498
271227.2579,-59.51453548,-62.48378252
274217.5448,-60.25166128,-61.82773996
277240.7997,-60.8446692,-60.9726628
280297.386,-61.31871611,-59.85761716
283387.6712,-61.69062024,-58.41517958
286512.027,-61.96014545,-56.53587939
289670.8288,-62.15682783,-54.3142106
292864.4565,-62.27877652,-52.91056685
296093.294,-62.33886049,-54.74355496
299357.7295,-62.33866694,-58.46980264
302658.1555,-62.25558227,-62.19374843
305994.9687,-61.88247993,-65.65112106
309368.5704,-60.35716484,-68.86978471
312779.3662,-58.06720715,-71.36659425
316227.766,-56.81275217,-71.44481377
319714.1846,-55.94607505,-68.80356054
323239.0409,-54.90895046,-65.09602388
326802.7589,-53.65164798,-61.28139336
330405.767,-51.98654406,-57.72951166
334048.4984,-49.4947689,-54.52109607
337731.3909,-46.27390309,-54.58260578
341454.8874,-44.12851984,-56.64585596
345219.4355,-46.22702005,-58.36241712
349025.4879,-49.5292571,-59.44915318
352873.5021,-52.16593898,-59.97782988
356763.9407,-54.12483655,-59.99959701
360697.2715,-55.5504175,-59.51867553
364673.9674,-56.52922855,-58.46973039
368694.5065,-57.09260146,-56.97235038
372759.372,-57.27319253,-56.30016347
376869.0528,-57.22737566,-59.13581176
381024.043,-57.86354682,-63.69147647
385224.842,-59.41759658,-66.51271361
389471.9549,-59.25470404,-65.72254998
393765.8924,-57.77904987,-62.84823704
398107.1706,-55.6320183,-59.24664921
402496.3114,-52.77733921,-55.09640349
406933.8427,-49.17234534,-50.67536899
411420.2979,-46.78265796,-48.96380059
415956.2163,-48.87578154,-51.02146491
420542.1433,-51.89814523,-53.15562616
425178.6303,-54.12979031,-54.53773851
429866.2347,-55.64152705,-55.25922372
434605.52,-56.60759575,-55.41723171
439397.0561,-57.13086132,-55.04490009
444241.4189,-57.19215309,-54.33027325
449139.191,-56.22098755,-54.84651553
454090.9611,-54.24080699,-55.81660563
459097.3246,-52.53569976,-54.03645234
464158.8834,-50.26983444,-51.35187633
469276.2459,-47.67877719,-49.02077291
474450.0276,-49.21895588,-51.23310901
479680.8502,-53.73780512,-55.3204233
484969.3429,-57.65323228,-58.69846847
490316.1412,-60.77507137,-61.36234376
495721.8882,-63.32730967,-63.52155936
501187.2336,-65.47909123,-65.27316418
506712.8346,-67.29398228,-66.69881366
512299.3555,-68.80525923,-67.81098435
517947.4679,-70.05902332,-68.6239865
523657.8509,-71.01704342,-69.10572761
529431.191,-71.69769686,-69.25680963
535268.1823,-72.0830615,-69.02678253
541169.5265,-71.70644708,-68.33152227
547135.9333,-67.67259279,-66.0700367
553168.1198,-60.65144708,-61.10784894
559266.8113,-56.79777991,-57.34863582
565432.741,-53.40059435,-53.86543648
571666.6502,-53.29001558,-53.10208601
577969.2884,-56.60305511,-56.25110347
584341.4134,-59.27052644,-58.99218257
590783.7912,-60.9976453,-60.79903466
597297.1963,-62.06871501,-61.94769724
603882.4119,-62.67237005,-62.60071639
610540.2297,-62.92868883,-62.88060565
617271.45,-62.90164109,-62.80336157
624076.8822,-62.61415153,-62.4142079
630957.3445,-62.07232419,-61.6400259
637913.664,-61.24791217,-60.51646806
644946.6771,-59.88201993,-59.37991646
652057.2293,-56.36448963,-58.21389706
659246.1756,-50.98070246,-55.72980189
666514.3801,-47.61658701,-53.88340574
673862.7168,-47.77712232,-56.08889274
681292.0691,-51.1874588,-60.33928149
688803.3301,-53.65355668,-63.0377142
696397.403,-54.63912311,-61.78379585
704075.2007,-54.58576284,-59.26425496
711837.6463,-55.36489196,-59.01619687
719685.673,-54.61905937,-58.00412341
727620.2244,-51.93727581,-56.72791957
735642.2545,-53.48869771,-59.53311253
743752.7276,-56.36104895,-63.52180935
751952.6188,-58.18795452,-66.22273082
760242.9141,-59.03715315,-66.86867674
768624.61,-59.06359638,-63.28214967
777098.7144,-57.9499192,-61.02671265
785666.2459,-54.19641167,-60.14667564
794328.2347,-51.95015908,-62.44298157
803085.7221,-56.25563322,-69.94438118
811939.7611,-61.85052056,-77.87130023
820891.416,-66.54639506,-81.37460103
829941.7631,-70.59470207,-79.4959932
839091.8905,-74.11866503,-77.50741648
848342.8982,-76.99668261,-76.02225883
857695.8986,-78.87611121,-74.76978319
867152.016,-78.28035924,-73.57282919
876712.3873,-75.57677834,-72.76095866
886378.1619,-69.65704118,-80.084133
896150.5019,-60.78194869,-71.11646812
906030.5822,-59.51892463,-68.10241751
916019.5907,-61.85214751,-68.41121228
926118.7281,-63.40878101,-68.50094485
936329.2088,-64.15727278,-68.27744313
946652.2603,-64.28208111,-67.8234876
957089.1237,-64.05923876,-67.20776346
967641.0537,-63.38404953,-66.37616001
978309.319,-62.26402642,-65.20835677
989095.2022,-60.47771179,-63.46267689
1000000,-57.53764742,-60.35351683
1006379.411,-54.82555348,-57.07952047
1012799.518,-51.81911659,-53.07799055
1019260.583,-50.31490128,-50.7147633
1025762.864,-50.91061423,-50.56941258
1032306.627,-52.05700315,-50.95023098
1038892.135,-52.71573071,-51.10829542
1045519.655,-53.01680062,-51.53550211
1052189.454,-53.09635046,-52.11724691
1058901.803,-53.45686562,-52.70511373
1065656.972,-54.81937673,-54.00622653
1072455.236,-56.47245001,-55.54491623
1079296.868,-57.72658258,-56.65751992
1086182.146,-58.46239782,-57.20170667
1093111.349,-58.73283115,-57.18045316
1100084.755,-58.56640163,-56.59459345
1107102.647,-57.97331457,-55.452307
1114165.31,-56.90709065,-53.9172109
1121273.028,-55.57344491,-52.81628857
1128426.089,-55.10506899,-53.47416262
1135624.783,-57.19668339,-55.61100413
1142869.4,-60.96755782,-57.91709851
1150160.233,-64.94573632,-59.71189955
1157497.578,-68.80265791,-60.84265342
1164881.73,-72.4696022,-61.3298631
1172312.989,-76.14070989,-61.18804653
1179791.655,-79.42795693,-60.41067395
1187318.031,-80.91876396,-58.97819446
1194892.42,-79.20716931,-56.89105912
1202515.13,-75.51822366,-54.33041988
1210186.468,-70.95102105,-52.30214772
1217906.744,-65.66866196,-52.35987191
1225676.272,-60.3156333,-53.67102002
1233495.364,-57.30743657,-54.96746592
1241364.338,-57.16844375,-56.03640571
1249283.511,-57.84217838,-56.73355674
1257253.203,-58.34195038,-57.03632088
1265273.738,-58.48146113,-56.95625442
1273345.439,-58.2936957,-56.49984047
1281468.633,-57.79841889,-55.64618253
1289643.647,-56.98826077,-54.34933142
1297870.814,-55.83426011,-52.52215077
1306150.465,-54.25514189,-50.13942246
1314482.935,-52.16011158,-47.63085742
1322868.562,-49.56573147,-46.40878194
1331307.684,-47.52323556,-46.79589508
1339800.642,-47.7260227,-47.52199947
1348347.781,-48.95034138,-47.96305667
1356949.445,-50.06276759,-49.0577811
1365605.983,-51.75000985,-51.36932524
1374317.745,-53.94512504,-53.33889039
1383085.082,-56.31702485,-55.08608222
1391908.35,-58.2344347,-56.56583257
1400787.905,-59.30501541,-57.41297158
1409724.106,-59.60909493,-57.59640849
1418717.316,-59.29067959,-57.16222361
1427767.896,-58.41306147,-56.13743503
1436876.214,-56.97855802,-54.72633867
1446042.638,-55.61626468,-54.24653595
1455267.537,-56.59828996,-56.54004393
1464551.287,-60.09020295,-60.18048287
1473894.261,-63.98226469,-63.57625054
1483296.838,-67.34388931,-66.25906536
1492759.398,-69.66192136,-68.05950457
1502282.323,-70.76608598,-68.99388152
1511865.999,-70.95989772,-69.23844129
1521510.813,-70.81188596,-69.09951248
1531217.156,-70.89168843,-68.89267452
1540985.419,-72.57283253,-69.08432372
1550815.998,-73.29523358,-70.01204868
1560709.29,-63.65847384,-65.46833466
1570665.696,-59.91831911,-61.59571575
1580685.618,-58.67575281,-59.98011825
1590769.46,-57.83453243,-58.86079508
1600917.632,-56.9032133,-57.72734359
1611130.543,-55.77944468,-56.44305472
1621408.607,-54.3732136,-54.94798424
1631752.238,-52.64231411,-53.17314349
1642161.856,-50.46344227,-51.14807083
1652637.881,-47.82971245,-49.14840543
1663180.737,-45.92196869,-48.07342333
1673790.85,-46.27281816,-49.03071634
1684468.65,-48.36437514,-52.3071216
1695214.567,-52.91995469,-58.7596242
1706029.037,-59.11674293,-70.57315956
1716912.497,-63.95397484,-68.95102075
1727865.387,-63.26698699,-62.9834262
1738888.15,-61.04660934,-60.15002367
1749981.232,-59.16322953,-58.25085768
1761145.081,-57.5662022,-56.81043484
1772380.149,-56.10016128,-55.98392297
1783686.89,-54.57335248,-56.02008275
1795065.761,-53.84921019,-56.51218509
1806517.223,-54.5119166,-56.95983056
1818041.738,-55.10289488,-56.90692304
1829639.773,-55.190065,-56.4974796
1841311.797,-54.92373699,-55.94048013
1853058.281,-54.41839316,-55.30196991
1864879.701,-53.72134619,-54.62189403
1876776.535,-52.99485558,-54.07688793
1888749.263,-53.14683126,-54.74242803
1900798.371,-56.91278653,-58.19474977
1912924.344,-64.58003093,-59.60046885
1925127.674,-65.05425966,-58.16994099
1937408.855,-61.62632796,-56.68590188
1949768.381,-59.38294021,-55.42509108
1962206.755,-57.74927398,-54.27804923
1974724.478,-56.42223625,-53.30797358
1987322.056,-54.67993377,-52.71748453
2000000,-49.98642366,-49.6958494
