20,-29.73165428,5.111694454
20.6542484,-30.04867781,4.950269942
21.32989884,-30.31986871,4.77205542
22.02765145,-30.54270783,4.595869222
22.74822924,-30.74308701,4.420859459
23.49237886,-30.94453377,4.230620767
24.26087142,-31.13086212,4.04338931
25.05450324,-31.3048286,3.857282623
25.87409667,-31.48550508,3.657409185
26.72050098,-31.6560218,3.460496549
27.59459323,-31.82494861,3.258795423
28.49727915,-31.99363422,3.051467644
29.42949411,-32.16110579,2.840420549
30.39220408,-32.32017761,2.632056965
31.38640662,-32.48827675,2.41301306
32.41313193,-32.64750613,2.198343466
33.47344392,-32.80445614,1.979876777
34.56844127,-32.97402413,1.751793017
35.69925863,-33.13331538,1.525281089
36.86706777,-33.30306226,1.293110388
38.07307877,-33.46558639,1.06451084
39.31854131,-33.62285826,0.827914293
40.60474595,-33.78987617,0.595534064
41.93302545,-33.94215882,0.358578783
43.30475618,-34.10231665,0.120666331
44.72135955,-34.28283199,-0.123804434
46.18430344,-34.45689191,-0.372506686
47.69510377,-34.62536783,-0.61385474
49.25532603,-34.7792767,-0.855157575
50.86658694,-34.95602533,-1.103792391
52.53055609,-34.84465223,-1.361363869
54.2489577,-35.03188645,-1.615851193
56.02357238,-35.21575262,-1.866781907
57.856239,-35.3994754,-2.11994102
59.74885659,-35.58167608,-2.375538368
61.70338627,-35.76823161,-2.632670864
63.72185335,-35.95676067,-2.895822269
65.80634938,-36.02043741,-3.154980927
67.95903431,-36.27828844,-3.412768213
70.18213877,-36.52507983,-3.674745425
72.47796637,-36.75273312,-3.93535759
74.84889604,-36.98137187,-4.197813567
77.29738455,-37.200386,-4.463562794
79.82596905,-37.42156693,-4.729156476
82.43726967,-37.63401869,-4.992687485
85.13399225,-37.85341278,-5.261496878
87.91893115,-38.06601406,-5.524366139
90.79497215,-38.28211622,-5.794212495
93.7650954,-38.49838877,-6.061684823
96.83237857,-38.71606869,-6.330362233
100,-38.78430317,-6.596595707
101.1025023,-38.80680966,-6.689457503
102.2171598,-36.60385948,-6.781459081
103.3441064,-38.95460004,-6.872356372
104.4834776,-39.04019194,-6.965051932
105.6354104,-39.13219035,-7.057257776
106.8000433,-39.21600239,-7.147866485
107.9775162,-39.31184671,-7.240609382
109.1679709,-39.38653376,-7.332253387
110.3715503,-39.46722782,-7.423299912
111.5883993,-39.56279623,-7.515964641
112.818664,-39.65594487,-7.607135845
114.0624924,-39.72846329,-7.700569846
115.320034,-39.81360783,-7.792618414
116.5914401,-39.89402826,-7.88405061
117.8768635,-39.99477127,-7.9767378
119.1764587,-40.05988386,-8.068197243
120.4903819,-40.16422219,-8.161531764
121.8187912,-40.22910652,-8.253962739
123.1618462,-40.32792162,-8.347297027
124.5197085,-40.41195284,-8.437350176
125.8925412,-40.490684,-8.531929565
127.2805094,-40.56639901,-8.622963216
128.68378,-40.64653698,-8.717317615
130.1025217,-40.73667491,-8.80752992
131.536905,-40.82683194,-8.900320925
132.9871025,-40.92128646,-8.994733182
134.4532884,-40.99709715,-9.087058542
135.9356391,-41.06806256,-9.178160805
137.4343327,-41.17416337,-9.271532085
138.9495494,-41.23009767,-9.365842563
140.4814715,-41.34850901,-9.45578158
142.030283,-41.40524339,-9.549885707
143.5961702,-41.4834216,-9.644862743
145.1793213,-41.58849371,-9.734477862
146.7799268,-41.67982644,-9.82946254
148.3981789,-41.76396623,-9.922370281
150.0342723,-41.84447392,-10.01547437
151.6884037,-41.92983423,-10.10788213
153.3607719,-42.01551988,-10.19958019
155.051578,-42.08895558,-10.29349291
156.7610253,-42.15184919,-10.38716792
158.4893192,-42.25246365,-10.48012943
160.2366677,-42.35099269,-10.57223441
162.0032807,-42.40884433,-10.66614655
163.7893707,-42.52491728,-10.75954907
165.5951523,-42.57963087,-10.85214772
167.4208428,-42.68323635,-10.94517044
169.2666615,-42.77823366,-11.03786662
171.1328304,-42.8320191,-11.13055649
173.0195739,-42.92042161,-11.22379866
174.9271187,-43.02336626,-11.31735505
176.8556943,-43.11360031,-11.41031709
178.8055325,-43.2008093,-11.50384836
180.7768677,-43.28792232,-11.59643245
182.7699369,-43.36792611,-11.68931882
184.7849797,-43.44862655,-11.78303216
186.8222385,-43.5208288,-11.87598632
188.881958,-43.62106332,-11.9691244
190.9643861,-43.72331801,-12.06308528
193.0697729,-43.78463296,-12.15572533
195.1983717,-43.87697802,-12.24924381
197.3504383,-43.98259867,-12.34303007
199.5262315,-44.05489861,-12.43586441
201.7260129,-44.15149616,-12.52914521
203.9500469,-44.23470829,-12.62302147
206.198601,-44.32003469,-12.71571927
208.4719454,-44.42009324,-12.80900415
210.7703534,-44.51253603,-12.90259956
213.0941015,-44.58282632,-12.99653819
215.443469,-44.65913986,-13.08937089
217.8187383,-44.75990864,-13.18280343
220.220195,-44.85910749,-13.27644045
222.6481278,-44.95254752,-13.36904677
225.1028286,-45.01842746,-13.46210748
227.5845926,-45.11870966,-13.55664533
230.0937181,-45.19693274,-13.64914391
232.6305067,-45.27178798,-13.74299908
235.1952635,-45.36015714,-13.83582148
237.7882968,-45.45030469,-13.92985801
240.4099184,-45.54975804,-14.02339243
243.0604433,-45.6425987,-14.11735555
245.7401904,-45.73911908,-14.2091988
248.4494818,-45.83251282,-14.30333184
251.1886432,-45.91381865,-14.39620005
253.9580038,-46.01551483,-14.49042814
256.7578968,-46.1088263,-14.58378904
259.5886586,-46.19547469,-14.67727916
262.4506297,-46.28603641,-14.77078381
265.344154,-46.3880997,-14.86415917
268.2695795,-46.46339314,-14.9567139
271.2272579,-46.56665336,-15.05025216
274.2175448,-46.65498149,-15.14416403
277.2407997,-46.74433795,-15.2370426
280.297386,-46.84212609,-15.33108108
283.3876712,-46.93677502,-15.4239018
286.512027,-47.03100219,-15.51790514
289.6708288,-47.12010479,-15.61093727
292.8644565,-47.20888283,-15.70483122
296.093294,-47.29896113,-15.79780886
299.3577295,-47.39263648,-15.891674
302.6581555,-47.49250316,-15.9847129
305.9949687,-47.57630219,-16.07854144
309.3685704,-47.67828118,-16.17142322
312.7793662,-47.76788713,-16.26517431
316.227766,-47.85563776,-16.35874244
319.7141846,-47.94745944,-16.4521953
323.2390409,-48.03845623,-16.54466261
326.8027589,-48.13148786,-16.63810252
330.405767,-48.22186312,-16.73215931
334.0484984,-48.31759974,-16.82524906
337.7313909,-48.41681193,-16.91845761
341.4548874,-48.5043766,-17.01223247
345.2194355,-48.60155511,-17.10558657
349.0254879,-48.69275383,-17.19914861
352.8735021,-48.78703961,-17.29196146
356.7639407,-48.87766501,-17.38529671
360.6972715,-48.97533384,-17.47888466
364.6739674,-49.06817198,-17.57215231
368.6945065,-49.15371754,-17.66531909
372.759372,-49.24411471,-17.75829419
376.8690528,-49.34037357,-17.85208472
381.024043,-49.43136094,-17.94529724
385.224842,-49.52978168,-18.0385731
389.4719549,-49.63032608,-18.13217525
393.7658924,-49.70739708,-18.22527589
398.1071706,-49.81627819,-18.31836718
402.4963114,-49.90530525,-18.41187755
406.9338427,-49.98605961,-18.50506156
411.4202979,-50.0783137,-18.59802727
415.9562163,-50.17207316,-18.69135313
420.5421433,-50.27551044,-18.78506482
425.1786303,-50.38468107,-18.87770201
429.8662347,-50.45390885,-18.97151497
434.60552,-50.57546375,-19.06394481
439.3970561,-50.64174542,-19.15714916
444.2414189,-50.73107915,-19.24991555
449.139191,-50.82448176,-19.34309292
454.0909611,-50.91296712,-19.43642167
459.0973246,-51.01556366,-19.53039773
464.1588834,-51.13773346,-19.62266526
469.2762459,-51.19555321,-19.71621604
474.4500276,-51.31983778,-19.80921102
479.6808502,-51.40328147,-19.90244865
484.9693429,-51.49139572,-19.99541178
490.3161412,-51.58827716,-20.08819355
495.7218882,-51.6898208,-20.18143728
501.1872336,-51.77766551,-20.27503572
506.7128346,-51.87041821,-20.36796167
512.2993555,-51.96265835,-20.46081428
517.9474679,-52.06786262,-20.55403662
523.6578509,-52.15774878,-20.64681398
529.431191,-52.2514724,-20.73968328
535.2681823,-52.33029651,-20.8331279
541.1695265,-52.44285146,-20.92588929
547.1359333,-52.53226471,-21.01864904
553.1681198,-52.63539946,-21.11174825
559.2668113,-52.7259383,-21.20456805
565.432741,-52.80789067,-21.29736803
571.6666502,-52.91299476,-21.39050431
577.9692884,-52.99698059,-21.48327633
584.3414134,-53.09241755,-21.57656032
590.7837912,-53.1881799,-21.66900217
597.2971963,-53.28833744,-21.7623954
603.8824119,-53.38144319,-21.85469819
610.5402297,-53.47456239,-21.94767752
617.27145,-53.56767349,-22.04065664
624.0768822,-53.66124161,-22.13295313
630.9573445,-53.75356066,-22.22586788
637.913664,-53.85723394,-22.31916565
644.9466771,-53.94926272,-22.41156879
652.0572293,-54.0457836,-22.50458365
659.2461756,-54.14259036,-22.59667793
666.5143801,-54.23317158,-22.69019878
673.8627168,-54.32846251,-22.78256632
681.2920691,-54.42329561,-22.87526447
688.8033301,-54.52526256,-22.96809799
696.397403,-54.60516178,-23.06063404
704.0752007,-54.71150649,-23.15328421
711.8376463,-54.81075965,-23.24594791
719.685673,-54.90415557,-23.33862635
727.6202244,-54.9863374,-23.43121963
735.6422545,-55.1006316,-23.52406446
743.7527276,-55.19628374,-23.61623864
751.9526188,-55.28725472,-23.70922039
760.2429141,-55.38914163,-23.80199802
768.62461,-55.47318039,-23.89387469
777.0987144,-55.5631515,-23.98692889
785.6662459,-55.66193703,-24.07912106
794.3282347,-55.75627563,-24.17196209
803.0857221,-55.8548193,-24.26429844
811.9397611,-55.94982365,-24.35711299
820.891416,-56.04573522,-24.44941682
829.9417631,-56.1413843,-24.54186622
839.0918905,-56.23680964,-24.63454012
848.3428982,-56.33646223,-24.72695225
857.6958986,-56.42987922,-24.81961204
867.152016,-56.52775257,-24.91197682
876.7123873,-56.62472299,-25.00424197
886.3781619,-56.72122197,-25.09641697
896.1505019,-56.81973913,-25.18896846
906.0305822,-56.91662871,-25.28157519
916.0195907,-57.01212593,-25.37388045
926.1187281,-57.11088482,-25.46639622
936.3292088,-57.20609056,-25.55845677
946.6522603,-57.30497112,-25.65098055
957.0891237,-57.40023886,-25.74302624
967.6410537,-57.50054044,-25.83525516
978.309319,-57.5980977,-25.92741839
989.0952022,-57.69758878,-26.01997264
1000,-57.78556792,-26.11116096
1011.025023,-57.88762493,-26.2039699
1022.171598,-57.98350479,-26.29604705
1033.441064,-58.08215333,-26.38833457
1044.834776,-58.17998423,-26.47995797
1056.354104,-58.27895322,-26.5723613
1068.000433,-58.37861005,-26.6647365
1079.775162,-58.4809744,-26.75697509
1091.679709,-58.5781269,-26.84925599
1103.715503,-58.67995054,-26.94129854
1115.883993,-58.77603199,-27.03327828
1128.18664,-58.87623047,-27.12535944
1140.624924,-58.97856012,-27.21753808
1153.20034,-59.0807026,-27.30942278
1165.914401,-59.17970482,-27.40149982
1178.768635,-59.28195358,-27.49344356
1191.764587,-59.37909407,-27.58533533
1204.903819,-59.48236874,-27.67715852
1218.187912,-59.58397177,-27.76934184
1231.618462,-59.68699536,-27.86118105
1245.197085,-59.78949692,-27.95296016
1258.925412,-59.88945281,-28.04447122
1272.805094,-59.99229584,-28.13694652
1286.8378,-60.09516192,-28.22873217
1301.025217,-60.1983937,-28.32053873
1315.36905,-60.29937683,-28.41208923
1329.871025,-60.40663724,-28.50363092
1344.532884,-60.5153518,-28.59512582
1359.356391,-60.60502867,-28.68703244
1374.343327,-60.71494506,-28.77858311
1389.495494,-60.82110417,-28.87024169
1404.814715,-60.92420732,-28.96206205
1420.30283,-61.0289975,-29.05326685
1435.961702,-61.13012868,-29.14489924
1451.793213,-61.23655659,-29.23642423
1467.799268,-61.34275446,-29.32774308
1483.981789,-61.45017915,-29.41905942
1500.342723,-61.56047784,-29.5106925
1516.884037,-61.6644016,-29.60201239
1533.607719,-61.77155638,-29.69334983
1550.51578,-61.87944808,-29.78481666
1567.610253,-61.98617865,-29.87570527
1584.893192,-62.09390513,-29.96771115
1602.366677,-62.20256357,-30.05858076
1620.032807,-62.30921636,-30.14961258
1637.893707,-62.42748672,-30.24068259
1655.951523,-62.53867102,-30.33203717
1674.208428,-62.63973802,-30.42284602
1692.666615,-62.75310525,-30.51398395
1711.328304,-62.86717585,-30.60471237
1730.195739,-62.97684837,-30.6960183
1749.271187,-63.0910062,-30.78671573
1768.556943,-63.20285021,-30.87799999
1788.055325,-63.3142623,-30.96842596
1807.768677,-63.43052437,-31.05963824
1827.699369,-63.54500133,-31.1502223
1847.849797,-63.65698151,-31.24075618
1868.222385,-63.77085918,-31.33171791
1888.81958,-63.88360745,-31.42227984
1909.643861,-64.00073231,-31.51284379
1930.697729,-64.12074436,-31.60317774
1951.983717,-64.23909592,-31.69364574
1973.504383,-64.35352382,-31.7839763
1995.262315,-64.47145808,-31.87422869
2017.260129,-64.59173673,-31.96478481
2039.500469,-64.71621967,-32.05524563
2061.98601,-64.83604592,-32.14530166
2084.719454,-64.95371618,-32.23563708
2107.703534,-65.08169147,-32.32532114
2130.941015,-65.20521679,-32.41569943
2154.43469,-65.33052925,-32.50586467
2178.187383,-65.45843252,-32.59581815
2202.20195,-65.5808112,-32.68538162
2226.481278,-65.70346903,-32.77526359
2251.028286,-65.83520391,-32.86521622
2275.845926,-65.96319872,-32.95426156
2300.937181,-66.09007482,-33.04427168
2326.305067,-66.22272311,-33.13360474
2351.952635,-66.35133735,-33.22342961
2377.882968,-66.48498756,-33.31263472
2404.099184,-66.6200392,-33.40216889
2430.604433,-66.75660784,-33.49160244
2457.401904,-66.88597697,-33.58048019
2484.494818,-67.02658843,-33.67053622
2511.886432,-67.16573083,-33.75962913
2539.580038,-67.30325004,-33.84790409
2567.578968,-67.44525208,-33.937539
2595.886586,-67.58529529,-34.02613162
2624.506297,-67.72805143,-34.11528911
2653.44154,-67.87558964,-34.20385093
2682.695795,-68.01885775,-34.29244567
2712.272579,-68.16804993,-34.38073613
2742.175448,-68.31869489,-34.46918335
2772.407997,-68.47443512,-34.55766263
2802.97386,-68.62021302,-34.64621092
2833.876712,-68.77620064,-34.73480825
2865.12027,-68.93459283,-34.82282094
2896.708288,-69.09120265,-34.91115025
2928.644565,-69.25123358,-34.99874602
2960.93294,-69.41510344,-35.08711256
2993.577295,-69.57510011,-35.17455249
3026.581555,-69.68667333,-35.27039175
3059.949687,-69.86437867,-35.3602703
3093.685704,-70.04022831,-35.44779132
3127.793662,-70.20949255,-35.53381387
3162.27766,-70.38514303,-35.62331247
3197.141846,-70.55584851,-35.71005047
3232.390409,-70.72822297,-35.79448875
3268.027589,-70.9249337,-35.88469668
3304.05767,-71.09765482,-35.97330344
3340.484984,-71.28878645,-36.0593621
3377.313909,-71.45614849,-36.14673837
3414.548874,-71.66477531,-36.23073672
3452.194355,-71.84094175,-36.31750914
3490.254879,-72.06293064,-36.40648201
3528.735021,-72.27096282,-36.49436895
3567.639407,-72.49212524,-36.57764377
3606.972715,-72.6871984,-36.66249525
3646.739674,-72.88571921,-36.75186704
3686.945065,-73.12277485,-36.84099886
3727.59372,-73.34150857,-36.92284718
3768.690528,-73.58100017,-37.01144081
3810.24043,-73.80593296,-37.09420363
3852.24842,-74.02167511,-37.18213624
3894.719549,-74.24904663,-37.26673881
3937.658924,-74.52444694,-37.35337667
3981.071706,-74.74077802,-37.43631625
4024.963114,-75.00407636,-37.52506401
4069.338427,-75.26568414,-37.60898715
4114.202979,-75.51949939,-37.69556617
4159.562163,-75.79902354,-37.78052053
4205.421433,-76.06327719,-37.86048193
4251.786303,-76.32858303,-37.94753754
4298.662347,-76.61836763,-38.03597706
4346.0552,-76.91156394,-38.11230842
4393.970561,-77.20128197,-38.20430484
4442.414189,-77.48373393,-38.27958572
4491.39191,-77.77172692,-38.36946499
4540.909611,-78.07857344,-38.4465722
4590.973246,-78.35378802,-38.5316033
4641.588834,-78.64878396,-38.61262663
4692.762459,-78.91311623,-38.69460342
4744.500276,-79.17931691,-38.7808442
4796.808502,-79.45786007,-38.85735762
4849.693429,-79.67492489,-38.9509402
4903.161412,-79.89604329,-39.02762955
4957.218882,-80.11175835,-39.11634975
5011.872336,-80.26509268,-39.19560246
5067.128346,-80.40799379,-39.27438363
5122.993555,-80.5017079,-39.35262058
5179.474679,-80.57511572,-39.43914829
5236.578509,-80.55452609,-39.51881811
5294.31191,-80.53516948,-39.59939132
5352.681823,-80.43635106,-39.67768768
5411.695265,-80.32326671,-39.7583193
5471.359333,-80.19344599,-39.84308139
5531.681198,-79.97872124,-39.91844487
5592.668113,-79.73977653,-39.99791656
5654.32741,-79.49337274,-40.0774103
5716.666502,-79.18966924,-40.15437011
5779.692884,-78.86652022,-40.23193269
5843.414134,-78.5768178,-40.31443647
5907.837912,-78.22857654,-40.39560932
5972.971963,-77.88539575,-40.46349629
6038.824119,-77.50669124,-40.54245009
6105.402297,-77.16570347,-40.62522391
6172.7145,-76.79696373,-40.70024423
6240.768822,-76.44511648,-40.78045421
6309.573445,-76.0815732,-40.8538011
6379.13664,-75.72705345,-40.92473138
6449.466771,-75.37549271,-41.00705443
6520.572293,-75.00358997,-41.07972681
6592.461756,-74.67058672,-41.15455846
6665.143801,-74.33868563,-41.23267009
6738.627168,-73.97600884,-41.30098983
6812.920691,-73.64951409,-41.38300545
6888.033301,-73.32588525,-41.4525938
6963.97403,-72.98795344,-41.52604429
7040.752007,-72.65038462,-41.59282189
7118.376463,-72.32973614,-41.6605237
7196.85673,-72.01147449,-41.7333873
7276.202244,-71.70546686,-41.80106665
7356.422545,-71.38979694,-41.8732993
7437.527276,-71.07686821,-41.94358907
7519.526188,-70.76135039,-42.00922367
7602.429141,-70.4584623,-42.07870575
7686.2461,-70.16303059,-42.13908334
7770.987144,-69.85954156,-42.20847995
7856.662459,-69.57203705,-42.28076159
7943.282347,-69.27161125,-42.34427004
8030.857221,-68.97362525,-42.40738562
8119.397611,-68.68059427,-42.46722423
8208.91416,-68.380241,-42.52999791
8299.417631,-68.09247809,-42.59585328
8390.918905,-67.79773098,-42.65204362
8483.428982,-67.51549647,-42.72472271
8576.958986,-67.219184,-42.7712484
8671.52016,-66.92841631,-42.83318413
8767.123873,-66.63735339,-42.88429611
8863.781619,-66.34596868,-42.94275508
8961.505019,-66.05118516,-42.99528188
9060.305822,-65.75852722,-43.05601546
9160.195907,-65.46186246,-43.10358783
9261.187281,-65.16465353,-43.14489935
9363.292088,-64.86060789,-43.20100959
9466.522603,-64.5673147,-43.24736943
9570.891237,-64.26545036,-43.2927032
9676.410537,-63.95713091,-43.33945797
9783.09319,-63.64771516,-43.37470603
9890.952022,-63.33989263,-43.42194738
10000,-63.02830441,-43.46004393
10110.25023,-62.70385264,-43.50105907
10221.71598,-62.38025822,-43.53398322
10334.41064,-62.05949244,-43.56392938
10448.34776,-61.7286275,-43.58200145
10563.54104,-61.38328519,-43.61980442
10680.00433,-61.04367523,-43.65210031
10797.75162,-60.69544176,-43.67333787
10916.79709,-60.33756878,-43.68451355
11037.15503,-59.97446291,-43.70422732
11158.83993,-59.59893432,-43.70510079
11281.8664,-59.22563887,-43.71773387
11406.24924,-58.83026816,-43.71312655
11532.0034,-58.43303952,-43.71704415
11659.14401,-58.02670747,-43.70850514
11787.68635,-57.59906424,-43.70051949
11917.64587,-57.16644677,-43.68231027
12049.03819,-56.71650643,-43.66153169
12181.87912,-56.25661911,-43.63982407
12316.18462,-55.78083251,-43.59211459
12451.97085,-55.29073187,-43.553943
12589.25412,-54.77985935,-43.51333019
12728.05094,-54.24837607,-43.44514742
12868.378,-53.70454195,-43.37800164
13010.25217,-53.13523618,-43.30145452
13153.6905,-52.53849188,-43.21642839
13298.71025,-51.93003042,-43.12432121
13445.32884,-51.29693099,-43.01289045
13593.56391,-50.64666812,-42.90074774
13743.43327,-49.97836558,-42.75801316
13894.95494,-49.31038666,-42.61483762
14048.14715,-48.64834349,-42.45999636
14203.0283,-48.0124222,-42.29355933
14359.61702,-47.42623387,-42.12918686
14517.93213,-46.92192503,-41.95334487
14677.99268,-46.53519081,-41.7734435
14839.81789,-46.30263457,-41.62496244
15003.42723,-46.24119178,-41.50114026
15168.84037,-46.35475331,-41.43198303
15336.07719,-46.62519942,-41.45413824
15505.1578,-47.02054506,-41.5929239
15676.10253,-47.50418369,-41.87500394
15848.93192,-48.04753318,-42.34003047
16023.66677,-48.61886058,-42.99772005
16200.32807,-49.2037052,-43.82423304
16378.93707,-49.78068477,-44.79658632
16559.51523,-50.34039204,-45.92123652
16742.08428,-50.88884302,-47.11534912
16926.66615,-51.41683207,-48.38034662
17113.28304,-51.92560371,-49.64608256
17301.95739,-52.40648371,-50.94224285
17492.71187,-52.86452941,-52.24011662
17685.56943,-53.3066891,-53.50211136
17880.55325,-53.73136433,-54.71218519
18077.68677,-54.13682952,-55.83695566
18276.99369,-54.52504885,-56.83749968
18478.49797,-54.89389241,-57.6719993
18682.22385,-55.24543946,-58.33459563
18888.1958,-55.5828555,-58.78397384
19096.43861,-55.91453049,-59.04875807
19306.97729,-56.22845919,-59.15842176
19519.83717,-56.52689829,-59.13237266
19735.04383,-56.81654371,-59.02081976
19952.62315,-57.09472006,-58.85970169
20172.60129,-57.36450131,-58.66454223
20395.00469,-57.62745247,-58.45693856
20619.8601,-57.87788695,-58.25083438
20847.19454,-58.11720175,-58.04350357
21077.03534,-58.35379119,-57.84687997
21309.41015,-58.57861411,-57.65666086
21544.3469,-58.7973712,-57.47928812
21781.87383,-59.01398092,-57.31913212
22022.0195,-59.21306502,-57.17062141
22264.81278,-59.42398509,-57.02900446
22510.28286,-59.60920559,-56.90361931
22758.45926,-59.79489637,-56.78578829
23009.37181,-59.97595513,-56.67794674
23263.05067,-60.15483763,-56.57725001
23519.52635,-60.32727974,-56.4871891
23778.82968,-60.49544602,-56.40580296
24040.99184,-60.66135519,-56.32817266
24306.04433,-60.81264271,-56.25804486
24574.01904,-60.96433118,-56.19285184
24844.94818,-61.1106583,-56.13495422
25118.86432,-61.25464503,-56.07597346
25395.80038,-61.4003963,-56.02872326
25675.78968,-61.53001826,-55.98330667
25958.86586,-61.66603195,-55.93460655
26245.06297,-61.79328755,-55.89792739
26534.4154,-61.91977805,-55.85708816
26826.95795,-62.03849601,-55.82022569
27122.72579,-62.15217524,-55.790769
27421.75448,-62.26782953,-55.75694774
27724.07997,-62.37692059,-55.72777266
28029.7386,-62.48489119,-55.69960466
28338.76712,-62.58814547,-55.67127366
28651.2027,-62.68168621,-55.64600454
28967.08288,-62.78443233,-55.61936464
29286.44565,-62.8716215,-55.59390419
29609.3294,-62.95544578,-55.57000338
29935.77295,-63.04001534,-55.54610889
30265.81555,-63.13547083,-55.5177765
30599.49687,-63.203878,-55.49495965
30936.85704,-63.2752846,-55.47172711
31277.93662,-63.34470718,-55.44923054
31622.7766,-63.4140345,-55.41951752
31971.41846,-63.48024883,-55.39407958
32323.90409,-63.53597694,-55.36858987
32680.27589,-63.60534303,-55.33914106
33040.5767,-63.65127134,-55.30959324
33404.84984,-63.70665503,-55.28200008
33773.13909,-63.74991895,-55.24676781
34145.48874,-63.79092191,-55.21852302
34521.94355,-63.83154945,-55.18193032
34902.54879,-63.86223858,-55.14286572
35287.35021,-63.8874514,-55.10304039
35676.39407,-63.9135788,-55.06358426
36069.72715,-63.93838354,-55.01812907
36467.39674,-63.95138917,-54.97422849
36869.45065,-63.96487112,-54.93016284
37275.9372,-63.96061339,-54.87563985
37686.90528,-63.96499344,-54.8246338
38102.4043,-63.96474136,-54.76797943
38522.4842,-63.96184697,-54.70882437
38947.19549,-63.92954188,-54.64614353
39376.58924,-63.91129026,-54.58017692
39810.71706,-63.88561793,-54.5086979
40249.63114,-63.84298552,-54.43441084
40693.38427,-63.79696243,-54.35754345
41142.02979,-63.75089782,-54.27289144
41595.62163,-63.68326701,-54.18787452
42054.21433,-63.62594723,-54.09700107
42517.86303,-63.54401428,-54.00013812
42986.62347,-63.45803108,-53.89565816
43460.552,-63.36048584,-53.78832599
43939.70561,-63.25657601,-53.67436533
44424.14189,-63.13507266,-53.55459849
44913.9191,-63.017927,-53.4263275
45409.09611,-62.88751435,-53.29304944
45909.73246,-62.74287997,-53.15282814
46415.88834,-62.60868115,-53.00343635
46927.62459,-62.46633622,-52.84081648
47445.00276,-62.34801816,-52.67545365
47968.08502,-62.2518687,-52.49713884
48496.93429,-62.18855446,-52.31050611
49031.61412,-62.19088772,-52.11653207
49572.18882,-62.29063369,-51.90486795
50118.72336,-62.50094785,-51.68440591
50671.28346,-62.84593837,-51.45060502
51229.93555,-63.35080288,-51.19984089
51794.74679,-63.98016615,-50.93843387
52365.78509,-64.7247423,-50.6573095
52943.1191,-65.51768419,-50.36042748
53526.81823,-66.31372126,-50.04530629
54116.95265,-67.02341008,-49.7056946
54713.59333,-67.65404676,-49.34634826
55316.81198,-68.12897505,-48.96123852
55926.68113,-68.45881071,-48.55207609
56543.2741,-68.64208245,-48.1179939
57166.66502,-68.67771515,-47.64936952
57796.92884,-68.63637895,-47.14972368
58434.14134,-68.51038516,-46.61335978
59078.37912,-68.33437739,-46.04047398
59729.71963,-68.11136883,-45.42797695
60388.24119,-67.87589236,-44.78288425
61054.02297,-67.60803676,-44.10095976
61727.145,-67.32839479,-43.39197065
62407.68822,-67.03462996,-42.67707906
63095.73445,-66.74840689,-41.98716541
63791.3664,-66.44076545,-41.37421581
64494.66771,-66.13842668,-40.90253821
65205.72293,-65.83267467,-40.64162346
65924.61756,-65.5188724,-40.64814279
66651.43801,-65.19418465,-40.93535016
67386.27168,-64.85031465,-41.46064005
68129.20691,-64.50431539,-42.15886145
68880.33301,-64.15324266,-42.95319711
69639.7403,-63.78643822,-43.78722499
70407.52007,-63.41302279,-44.62601548
71183.76463,-63.01820463,-45.44352965
71968.5673,-62.60690654,-46.22641949
72762.02244,-62.18835825,-46.97241341
73564.22545,-61.73813538,-47.67575016
74375.27276,-61.27079503,-48.34051034
75195.26188,-60.7789301,-48.95975457
76024.29141,-60.26480557,-49.54577749
76862.461,-59.7125375,-50.09690794
77709.87144,-59.13155556,-50.60905142
78566.62459,-58.51541091,-51.08976576
79432.82347,-57.85993494,-51.54283191
80308.57221,-57.16160538,-51.95687745
81193.97611,-56.40821967,-52.34437566
82089.1416,-55.5904248,-52.70061913
82994.17631,-54.7045656,-53.03277543
83909.18905,-53.75218268,-53.32333975
84834.28982,-52.71392955,-53.59220388
85769.58986,-51.58298243,-53.82683965
86715.2016,-50.34845576,-54.03296101
87671.23873,-49.02727628,-54.19200972
88637.81619,-47.67842075,-54.32195203
89615.05019,-46.41133089,-54.41955229
90603.05822,-45.46421119,-54.48614057
91601.95907,-45.12414062,-54.56621438
92611.87281,-45.4891028,-54.71091107
93632.92088,-46.36381698,-55.05972607
94665.22603,-47.46889592,-55.8470387
95708.91237,-48.60788433,-57.15687717
96764.10537,-49.68470733,-58.7653998
97830.9319,-50.66885222,-60.08123541
98909.52022,-51.54794405,-60.83411606
100000,-52.33270586,-61.13182151
101102.5023,-53.03212462,-61.16314967
102217.1598,-53.65438482,-61.0813548
103344.1064,-54.20438099,-60.96793585
104483.4776,-54.69070969,-60.8341903
105635.4104,-55.1181489,-60.71798813
106800.0433,-55.49007204,-60.60372582
107977.5162,-55.81496454,-60.48438005
109167.9709,-56.09149632,-60.35755508
110371.5503,-56.3189727,-60.23431741
111588.3993,-56.50442406,-60.09750244
112818.664,-56.64477272,-59.95222594
114062.4924,-56.73339393,-59.79327598
115320.034,-56.78433961,-59.61482004
116591.4401,-56.78337962,-59.41890543
117876.8635,-56.74168513,-59.20768342
119176.4587,-56.66243948,-58.96956591
120490.3819,-56.56743057,-58.70229301
121818.7912,-56.51392579,-58.40585232
123161.8462,-56.60751316,-58.08264703
124519.7085,-57.01386119,-57.71476279
125892.5412,-57.82211567,-57.31221826
127280.5094,-58.84998765,-56.85482943
128683.78,-59.69512443,-56.34833458
130102.5217,-60.12660935,-55.78065533
131536.905,-60.18572375,-55.14240627
132987.1025,-60.00704182,-54.42341659
134453.2884,-59.70975922,-53.61031493
135935.6391,-59.3300548,-52.68054923
137434.3327,-58.90988553,-51.62038722
138949.5494,-58.44404001,-50.41549195
140481.4715,-57.95159235,-49.07371067
142030.283,-57.42068591,-47.67689323
143596.1702,-56.84170286,-46.48126756
145179.3213,-56.20433382,-46.00154241
146779.9268,-55.49023455,-46.61566469
148398.1789,-54.6884836,-48.07215505
150034.2723,-53.78003586,-49.86312245
151688.4037,-52.74254902,-51.69825715
153360.7719,-51.53695953,-53.46659063
155051.578,-50.13154185,-55.15004878
156761.0253,-48.47756389,-56.76105014
158489.3192,-46.58115514,-58.33412239
160236.6677,-44.61568029,-59.84703711
162003.2807,-43.30045822,-61.18822594
163789.3707,-43.73809028,-61.96137669
165595.1523,-45.61734162,-61.33185948
167420.8428,-47.81439741,-58.93492299
169266.6615,-49.83617248,-55.54449349
171132.8304,-51.59746443,-52.51362065
173019.5739,-53.12116811,-51.45055297
174927.1187,-54.45863047,-52.26695118
176855.6943,-55.63795172,-53.60319005
178805.5325,-56.69336889,-54.83841275
180776.8677,-57.63038287,-55.87200128
182769.9369,-58.48731888,-56.72034135
184784.9797,-59.26534143,-57.42224736
186822.2385,-59.97846917,-58.0048002
188881.958,-60.63394982,-58.48621321
190964.3861,-61.23283736,-58.88593137
193069.7729,-61.78791854,-59.20953974
195198.3717,-62.30166447,-59.47046315
197350.4383,-62.78018536,-59.67524804
199526.2315,-63.24112727,-59.81851372
201726.0129,-63.68470992,-59.91025457
203950.0469,-64.10827815,-59.9369741
206198.601,-64.52260644,-59.91002602
208471.9454,-64.8120498,-59.83096973
210770.3534,-64.58066025,-59.67561134
213094.1015,-63.09814592,-59.45231488
215443.469,-60.95429844,-59.13731123
217818.7383,-59.83152864,-58.72689257
220220.195,-59.56111514,-58.1911926
222648.1278,-59.44206009,-57.49551576
225102.8286,-59.2031631,-56.59513072
227584.5926,-58.7985245,-55.44270526
230093.7181,-58.19187044,-54.11802685
232630.5067,-57.37042271,-53.27427878
235195.2635,-56.29803556,-54.54016201
237788.2968,-54.89768644,-58.24373688
240409.9184,-53.10017592,-62.63099017
243060.4433,-50.79069629,-65.65077983
245740.1904,-47.97910756,-65.72644065
248449.4818,-45.75549113,-64.11866799
251188.6432,-46.71520061,-62.19841111
253958.0038,-49.60528114,-60.27377582
256757.8968,-52.28109957,-58.29505506
259588.6586,-54.43089641,-56.16306135
262450.6297,-56.13854863,-53.74892004
265344.154,-57.50146206,-50.90552897
268269.5795,-58.60946682,-47.67277649
271227.2579,-59.51453548,-45.35912797
274217.5448,-60.25166128,-46.4249306
277240.7997,-60.8446692,-49.09523391
280297.386,-61.31871611,-51.46792503
283387.6712,-61.69062024,-53.31613912
286512.027,-61.96014545,-54.73570504
289670.8288,-62.15682783,-55.81689254
292864.4565,-62.27877652,-56.62656989
296093.294,-62.33886049,-57.1962807
299357.7295,-62.33866694,-57.55529829
302658.1555,-62.25558227,-57.71163895
305994.9687,-61.88247993,-57.6455092
309368.5704,-60.35716484,-57.36319781
312779.3662,-58.06720715,-56.82032191
316227.766,-56.81275217,-55.96225333
319714.1846,-55.94607505,-54.72476195
323239.0409,-54.90895046,-53.08603722
326802.7589,-53.65164798,-51.53106851
330405.767,-51.98654406,-51.70183678
334048.4984,-49.4947689,-54.99240093
337731.3909,-46.27390309,-59.9408327
341454.8874,-44.12851984,-63.42914972
345219.4355,-46.22702005,-61.8003446
349025.4879,-49.5292571,-57.70301917
352873.5021,-52.16593898,-53.25693548
356763.9407,-54.12483655,-49.07247897
360697.2715,-55.5504175,-47.71443285
364673.9674,-56.52922855,-49.58785892
368694.5065,-57.09260146,-51.7078868
372759.372,-57.27319253,-53.29253182
376869.0528,-57.22737566,-54.38030521
381024.043,-57.86354682,-55.06800637
385224.842,-59.41759658,-55.4081715
389471.9549,-59.25470404,-55.41713133
393765.8924,-57.77904987,-55.0736615
398107.1706,-55.6320183,-54.33419724
402496.3114,-52.77733921,-53.47758076
406933.8427,-49.17234534,-53.60272667
411420.2979,-46.78265796,-52.9142422
415956.2163,-48.87578154,-50.58321971
420542.1433,-51.89814523,-47.70671143
425178.6303,-54.12979031,-48.05190352
429866.2347,-55.64152705,-52.16641726
434605.52,-56.60759575,-56.19668368
439397.0561,-57.13086132,-59.62815037
444241.4189,-57.19215309,-62.65585728
449139.191,-56.22098755,-65.19997577
454090.9611,-54.24080699,-65.54498267
459097.3246,-52.53569976,-61.64846836
464158.8834,-50.26983444,-57.23213168
469276.2459,-47.67877719,-56.2384378
474450.0276,-49.21895588,-57.8428691
479680.8502,-53.73780512,-59.16362882
484969.3429,-57.65323228,-59.7977816
490316.1412,-60.77507137,-59.83640705
495721.8882,-63.32730967,-59.32553563
501187.2336,-65.47909123,-58.23264596
506712.8346,-67.29398228,-56.45493908
512299.3555,-68.80525923,-53.80465535
517947.4679,-70.05902332,-50.24659601
523657.8509,-71.01704342,-48.35461733
529431.191,-71.69769686,-51.37869561
535268.1823,-72.0830615,-54.84422337
541169.5265,-71.70644708,-57.43403055
547135.9333,-67.67259279,-59.34166524
553168.1198,-60.65144708,-60.64667365
559266.8113,-56.79777991,-60.63182223
565432.741,-53.40059435,-59.82822011
571666.6502,-53.29001558,-60.17501367
577969.2884,-56.60305511,-60.53861118
584341.4134,-59.27052644,-60.5651144
590783.7912,-60.9976453,-60.29024592
597297.1963,-62.06871501,-59.6952423
603882.4119,-62.67237005,-58.76010762
610540.2297,-62.92868883,-57.38272307
617271.45,-62.90164109,-55.44232542
624076.8822,-62.61415153,-52.70010386
630957.3445,-62.07232419,-49.194973
637913.664,-61.24791217,-47.74879065
644946.6771,-59.88201993,-50.84203633
652057.2293,-56.36448963,-54.03891212
659246.1756,-50.98070246,-55.8016214
666514.3801,-47.61658701,-55.73304785
673862.7168,-47.77712232,-55.39963763
681292.0691,-51.1874588,-54.5744853
688803.3301,-53.65355668,-52.70451109
696397.403,-54.63912311,-50.3440354
704075.2007,-54.58576284,-50.98491183
711837.6463,-55.36489196,-54.50552058
719685.673,-54.61905937,-55.54954986
727620.2244,-51.93727581,-52.39494259
735642.2545,-53.48869771,-52.12449528
743752.7276,-56.36104895,-53.0635232
751952.6188,-58.18795452,-53.03057947
760242.9141,-59.03715315,-51.80564964
768624.61,-59.06359638,-49.98428639
777098.7144,-57.9499192,-52.03160581
785666.2459,-54.19641167,-55.71958078
794328.2347,-51.95015908,-56.93977673
803085.7221,-56.25563322,-60.48671066
811939.7611,-61.85052056,-63.77172052
820891.416,-66.54639506,-66.25026042
829941.7631,-70.59470207,-67.9323397
839091.8905,-74.11866503,-68.74365286
848342.8982,-76.99668261,-68.54661566
857695.8986,-78.87611121,-67.17840501
867152.016,-78.28035924,-64.45592373
876712.3873,-75.57677834,-60.32748361
886378.1619,-69.65704118,-56.89514167
896150.5019,-60.78194869,-57.50657045
906030.5822,-59.51892463,-59.76697535
916019.5907,-61.85214751,-61.65327451
926118.7281,-63.40878101,-62.66725556
936329.2088,-64.15727278,-63.01979959
946652.2603,-64.28208111,-62.91474833
957089.1237,-64.05923876,-62.35820297
967641.0537,-63.38404953,-61.34367779
978309.319,-62.26402642,-59.74880785
989095.2022,-60.47771179,-57.35209888
1000000,-57.53764742,-53.89052586
1006379.411,-54.82555348,-51.5454412
1012799.518,-51.81911659,-49.53498746
1019260.583,-50.31490128,-48.67019657
1025762.864,-50.91061423,-49.06983325
1032306.627,-52.05700315,-49.58440911
1038892.135,-52.71573071,-49.93887758
1045519.655,-53.01680062,-50.75393349
1052189.454,-53.09635046,-51.63286773
1058901.803,-53.45686562,-52.38356153
1065656.972,-54.81937673,-53.812223
1072455.236,-56.47245001,-55.49264916
1079296.868,-57.72658258,-56.79182493
1086182.146,-58.46239782,-57.59925563
1093111.349,-58.73283115,-57.92050957
1100084.755,-58.56640163,-57.78736407
1107102.647,-57.97331457,-57.1927034
1114165.31,-56.90709065,-56.11880295
1121273.028,-55.57344491,-54.74937418
1128426.089,-55.10506899,-54.30231181
1135624.783,-57.19668339,-56.36131555
1142869.4,-60.96755782,-59.85884179
1150160.233,-64.94573632,-63.32993254
1157497.578,-68.80265791,-66.47681667
1164881.73,-72.4696022,-69.2331113
1172312.989,-76.14070989,-71.59570123
1179791.655,-79.42795693,-73.51599942
1187318.031,-80.91876396,-74.74960283
1194892.42,-79.20716931,-74.86557531
1202515.13,-75.51822366,-73.53831025
1210186.468,-70.95102105,-70.62967819
1217906.744,-65.66866196,-66.30034671
1225676.272,-60.3156333,-61.5998524
1233495.364,-57.30743657,-59.13453483
1241364.338,-57.16844375,-59.37535166
1249283.511,-57.84217838,-60.26149993
1257253.203,-58.34195038,-60.86698713
1265273.738,-58.48146113,-61.07950904
1273345.439,-58.2936957,-60.94015512
1281468.633,-57.79841889,-60.47964004
1289643.647,-56.98826077,-59.69704266
1297870.814,-55.83426011,-58.549744
1306150.465,-54.25514189,-57.00159801
1314482.935,-52.16011158,-54.96385125
1322868.562,-49.56573147,-52.57763124
1331307.684,-47.52323556,-51.33915929
1339800.642,-47.7260227,-52.48788675
1348347.781,-48.95034138,-54.34749814
1356949.445,-50.06276759,-56.25757238
1365605.983,-51.75000985,-58.430701
1374317.745,-53.94512504,-60.60979587
1383085.082,-56.31702485,-63.48930435
1391908.35,-58.2344347,-65.88636342
1400787.905,-59.30501541,-67.0701472
1409724.106,-59.60909493,-67.26564053
1418717.316,-59.29067959,-66.75090043
1427767.896,-58.41306147,-65.6534566
1436876.214,-56.97855802,-63.85151749
1446042.638,-55.61626468,-63.15606745
1455267.537,-56.59828996,-65.84503711
1464551.287,-60.09020295,-69.65260465
1473894.261,-63.98226469,-72.03940434
1483296.838,-67.34388931,-72.29670431
1492759.398,-69.66192136,-71.41076072
1502282.323,-70.76608598,-70.18745114
1511865.999,-70.95989772,-68.9050461
1521510.813,-70.81188596,-67.59400636
1531217.156,-70.89168843,-66.27270153
1540985.419,-72.57283253,-65.34004145
1550815.998,-73.29523358,-66.20277526
1560709.29,-63.65847384,-67.08521494
1570665.696,-59.91831911,-65.53293202
1580685.618,-58.67575281,-63.88000189
1590769.46,-57.83453243,-62.47010436
1600917.632,-56.9032133,-61.15944415
1611130.543,-55.77944468,-59.84016082
1621408.607,-54.3732136,-58.48998094
1631752.238,-52.64231411,-57.15365834
1642161.856,-50.46344227,-56.10954779
1652637.881,-47.82971245,-55.36664893
1663180.737,-45.92196869,-54.29610104
1673790.85,-46.27281816,-54.94902588
1684468.65,-48.36437514,-57.41683136
1695214.567,-52.91995469,-63.45232099
1706029.037,-59.11674293,-73.42347737
1716912.497,-63.95397484,-66.77835654
1727865.387,-63.26698699,-62.71257587
1738888.15,-61.04660934,-60.4524981
1749981.232,-59.16322953,-58.83548212
1761145.081,-57.5662022,-57.55088273
1772380.149,-56.10016128,-56.7771947
1783686.89,-54.57335248,-56.79720352
1795065.761,-53.84921019,-57.11082595
1806517.223,-54.5119166,-57.43462163
1818041.738,-55.10289488,-57.33186846
1829639.773,-55.190065,-56.8966263
1841311.797,-54.92373699,-56.30697936
1853058.281,-54.41839316,-55.61787584
1864879.701,-53.72134619,-54.87020581
1876776.535,-52.99485558,-54.201276
1888749.263,-53.14683126,-54.56537397
1900798.371,-56.91278653,-58.02431188
1912924.344,-64.58003093,-60.61942375
1925127.674,-65.05425966,-59.33544809
1937408.855,-61.62632796,-57.70301688
1949768.381,-59.38294021,-56.34259804
1962206.755,-57.74927398,-55.13777562
1974724.478,-56.42223625,-54.1401352
1987322.056,-54.67993377,-53.39858522
2000000,-49.98642366,-49.7853479
